Sample in Buffer,Sample in Window,TRIGGER,design_1_i/system_ila_0/inst/net_slot_0_axis_tdata[31:0],design_1_i/system_ila_0/inst/net_slot_0_axis_tkeep[3:0],design_1_i/system_ila_0/inst/net_slot_0_axis_tvalid,design_1_i/system_ila_0/inst/net_slot_0_axis_tready,design_1_i/system_ila_0/inst/net_slot_0_axis_tlast,design_1_i/system_ila_0/inst/net_slot_1_axis_tdata[31:0],design_1_i/system_ila_0/inst/net_slot_1_axis_tstrb[3:0],design_1_i/system_ila_0/inst/net_slot_1_axis_tvalid,design_1_i/system_ila_0/inst/net_slot_1_axis_tready,design_1_i/system_ila_0/inst/net_slot_1_axis_tlast,design_1_i/system_ila_0/inst/net_slot_2_axis_tdata[31:0],design_1_i/system_ila_0/inst/net_slot_2_axis_tstrb[3:0],design_1_i/system_ila_0/inst/net_slot_2_axis_tvalid,design_1_i/system_ila_0/inst/net_slot_2_axis_tready,design_1_i/system_ila_0/inst/net_slot_2_axis_tlast,Interface_(i1:s0)_(axis_data_fifo_0_M_AXIS)[2:0],Interface_(i1:s1)_(axis_data_fifo_1_M_AXIS)[2:0],Interface_(i1:s2)_(Upsampling_Bayes_0_m00_axis1)[2:0],T_Channel_(i1:s0)_(axis_data_fifo_0_M_AXIS)[2:0],T_Channel_(i1:s1)_(axis_data_fifo_1_M_AXIS)[2:0],T_Channel_(i1:s2)_(Upsampling_Bayes_0_m00_axis1)[2:0]
Radix - UNSIGNED,UNSIGNED,UNSIGNED,HEX,HEX,HEX,HEX,HEX,HEX,HEX,HEX,HEX,HEX,HEX,HEX,HEX,HEX,HEX,HEX,HEX,HEX,HEX,HEX,HEX
0,0,0,00000000,0,0,0,0,00000000,0,0,1,0,00000000,f,0,1,0,"_","_","_","_","_","_"
1,1,0,00000000,0,0,0,0,00000000,0,0,1,0,00000000,f,0,1,0,"_","_","_","_","_","_"
2,2,0,00000000,0,0,0,0,00000000,0,0,1,0,00000000,f,0,1,0,"_","_","_","_","_","_"
3,3,0,00000000,0,0,0,0,00000000,0,0,1,0,00000000,f,0,1,0,"_","_","_","_","_","_"
4,4,0,00000000,0,0,0,0,00000000,0,0,1,0,00000000,f,0,1,0,"_","_","_","_","_","_"
5,5,0,00000000,0,0,0,0,00000000,0,0,1,0,00000000,f,0,1,0,"_","_","_","_","_","_"
6,6,0,00000000,0,0,0,0,00000000,0,0,1,0,00000000,f,0,1,0,"_","_","_","_","_","_"
7,7,0,00000000,0,0,0,0,00000000,0,0,1,0,00000000,f,0,1,0,"_","_","_","_","_","_"
8,8,0,00000000,0,0,0,0,00000000,0,0,1,0,00000000,f,0,1,0,"_","_","_","_","_","_"
9,9,0,00000000,0,0,0,0,00000000,0,0,1,0,00000000,f,0,1,0,"_","_","_","_","_","_"
10,10,0,00000000,0,0,0,0,00000000,0,0,1,0,00000000,f,0,1,0,"_","_","_","_","_","_"
11,11,0,00000000,0,0,0,0,00000000,0,0,1,0,00000000,f,0,1,0,"_","_","_","_","_","_"
12,12,0,00000000,0,0,0,0,00000000,0,0,1,0,00000000,f,0,1,0,"_","_","_","_","_","_"
13,13,0,00000000,0,0,0,0,00000000,0,0,1,0,00000000,f,0,1,0,"_","_","_","_","_","_"
14,14,0,00000000,0,0,0,0,00000000,0,0,1,0,00000000,f,0,1,0,"_","_","_","_","_","_"
15,15,0,00000000,0,0,0,0,00000000,0,0,1,0,00000000,f,0,1,0,"_","_","_","_","_","_"
16,16,0,00000000,0,0,0,0,00000000,0,0,1,0,00000000,f,0,1,0,"_","_","_","_","_","_"
17,17,0,00000000,0,0,0,0,00000000,0,0,1,0,00000000,f,0,1,0,"_","_","_","_","_","_"
18,18,0,00000000,0,0,0,0,00000000,0,0,1,0,00000000,f,0,1,0,"_","_","_","_","_","_"
19,19,0,00000000,0,0,0,0,00000000,0,0,1,0,00000000,f,0,1,0,"_","_","_","_","_","_"
20,20,0,00000000,0,0,0,0,00000000,0,0,1,0,00000000,f,0,1,0,"_","_","_","_","_","_"
21,21,0,00000000,0,0,0,0,00000000,0,0,1,0,00000000,f,0,1,0,"_","_","_","_","_","_"
22,22,0,00000000,0,0,0,0,00000000,0,0,1,0,00000000,f,0,1,0,"_","_","_","_","_","_"
23,23,0,00000000,0,0,0,0,00000000,0,0,1,0,00000000,f,0,1,0,"_","_","_","_","_","_"
24,24,0,00000000,0,0,0,0,00000000,0,0,1,0,00000000,f,0,1,0,"_","_","_","_","_","_"
25,25,0,00000000,0,0,0,0,00000000,0,0,1,0,00000000,f,0,1,0,"_","_","_","_","_","_"
26,26,0,00000000,0,0,0,0,00000000,0,0,1,0,00000000,f,0,1,0,"_","_","_","_","_","_"
27,27,0,00000000,0,0,0,0,00000000,0,0,1,0,00000000,f,0,1,0,"_","_","_","_","_","_"
28,28,0,00000000,0,0,0,0,00000000,0,0,1,0,00000000,f,0,1,0,"_","_","_","_","_","_"
29,29,0,00000000,0,0,0,0,00000000,0,0,1,0,00000000,f,0,1,0,"_","_","_","_","_","_"
30,30,0,00000000,0,0,0,0,00000000,0,0,1,0,00000000,f,0,1,0,"_","_","_","_","_","_"
31,31,0,00000000,0,0,0,0,00000000,0,0,1,0,00000000,f,0,1,0,"_","_","_","_","_","_"
32,32,0,00000000,0,0,0,0,00000000,0,0,1,0,00000000,f,0,1,0,"_","_","_","_","_","_"
33,33,0,00000000,0,0,0,0,00000000,0,0,1,0,00000000,f,0,1,0,"_","_","_","_","_","_"
34,34,0,00000000,0,0,0,0,00000000,0,0,1,0,00000000,f,0,1,0,"_","_","_","_","_","_"
35,35,0,00000000,0,0,0,0,00000000,0,0,1,0,00000000,f,0,1,0,"_","_","_","_","_","_"
36,36,0,00000000,0,0,0,0,00000000,0,0,1,0,00000000,f,0,1,0,"_","_","_","_","_","_"
37,37,0,00000000,0,0,0,0,00000000,0,0,1,0,00000000,f,0,1,0,"_","_","_","_","_","_"
38,38,0,00000000,0,0,0,0,00000000,0,0,1,0,00000000,f,0,1,0,"_","_","_","_","_","_"
39,39,0,00000000,0,0,0,0,00000000,0,0,1,0,00000000,f,0,1,0,"_","_","_","_","_","_"
40,40,0,00000000,0,0,0,0,00000000,0,0,1,0,00000000,f,0,1,0,"_","_","_","_","_","_"
41,41,0,00000000,0,0,0,0,00000000,0,0,1,0,00000000,f,0,1,0,"_","_","_","_","_","_"
42,42,0,00000000,0,0,0,0,00000000,0,0,1,0,00000000,f,0,1,0,"_","_","_","_","_","_"
43,43,0,00000000,0,0,0,0,00000000,0,0,1,0,00000000,f,0,1,0,"_","_","_","_","_","_"
44,44,0,00000000,0,0,0,0,00000000,0,0,1,0,00000000,f,0,1,0,"_","_","_","_","_","_"
45,45,0,00000000,0,0,0,0,00000000,0,0,1,0,00000000,f,0,1,0,"_","_","_","_","_","_"
46,46,0,00000000,0,0,0,0,00000000,0,0,1,0,00000000,f,0,1,0,"_","_","_","_","_","_"
47,47,0,00000000,0,0,0,0,00000000,0,0,1,0,00000000,f,0,1,0,"_","_","_","_","_","_"
48,48,0,00000000,0,0,0,0,00000000,0,0,1,0,00000000,f,0,1,0,"_","_","_","_","_","_"
49,49,0,00000000,0,0,0,0,00000000,0,0,1,0,00000000,f,0,1,0,"_","_","_","_","_","_"
50,50,0,00000000,0,0,0,0,00000000,0,0,1,0,00000000,f,0,1,0,"_","_","_","_","_","_"
51,51,0,00000000,0,0,0,0,00000000,0,0,1,0,00000000,f,0,1,0,"_","_","_","_","_","_"
52,52,0,00000000,0,0,0,0,00000000,0,0,1,0,00000000,f,0,1,0,"_","_","_","_","_","_"
53,53,0,00000000,0,0,0,0,00000000,0,0,1,0,00000000,f,0,1,0,"_","_","_","_","_","_"
54,54,0,00000000,0,0,0,0,00000000,0,0,1,0,00000000,f,0,1,0,"_","_","_","_","_","_"
55,55,0,00000000,0,0,0,0,00000000,0,0,1,0,00000000,f,0,1,0,"_","_","_","_","_","_"
56,56,0,00000000,0,0,0,0,00000000,0,0,1,0,00000000,f,0,1,0,"_","_","_","_","_","_"
57,57,0,00000000,0,0,0,0,00000000,0,0,1,0,00000000,f,0,1,0,"_","_","_","_","_","_"
58,58,0,00000000,0,0,0,0,00000000,0,0,1,0,00000000,f,0,1,0,"_","_","_","_","_","_"
59,59,0,00000000,0,0,0,0,00000000,0,0,1,0,00000000,f,0,1,0,"_","_","_","_","_","_"
60,60,0,00000000,0,0,0,0,00000000,0,0,1,0,00000000,f,0,1,0,"_","_","_","_","_","_"
61,61,0,00000000,0,0,0,0,00000000,0,0,1,0,00000000,f,0,1,0,"_","_","_","_","_","_"
62,62,0,00000000,0,0,0,0,00000000,0,0,1,0,00000000,f,0,1,0,"_","_","_","_","_","_"
63,63,0,00000000,0,0,0,0,00000000,0,0,1,0,00000000,f,0,1,0,"_","_","_","_","_","_"
64,64,0,00000000,0,0,0,0,00000000,0,0,1,0,00000000,f,0,1,0,"_","_","_","_","_","_"
65,65,0,00000000,0,0,0,0,00000000,0,0,1,0,00000000,f,0,1,0,"_","_","_","_","_","_"
66,66,0,00000000,0,0,0,0,00000000,0,0,1,0,00000000,f,0,1,0,"_","_","_","_","_","_"
67,67,0,00000000,0,0,0,0,00000000,0,0,1,0,00000000,f,0,1,0,"_","_","_","_","_","_"
68,68,0,00000000,0,0,0,0,00000000,0,0,1,0,00000000,f,0,1,0,"_","_","_","_","_","_"
69,69,0,00000000,0,0,0,0,00000000,0,0,1,0,00000000,f,0,1,0,"_","_","_","_","_","_"
70,70,0,00000000,0,0,0,0,00000000,0,0,1,0,00000000,f,0,1,0,"_","_","_","_","_","_"
71,71,0,00000000,0,0,0,0,00000000,0,0,1,0,00000000,f,0,1,0,"_","_","_","_","_","_"
72,72,0,00000000,0,0,0,0,00000000,0,0,1,0,00000000,f,0,1,0,"_","_","_","_","_","_"
73,73,0,00000000,0,0,0,0,00000000,0,0,1,0,00000000,f,0,1,0,"_","_","_","_","_","_"
74,74,0,00000000,0,0,0,0,00000000,0,0,1,0,00000000,f,0,1,0,"_","_","_","_","_","_"
75,75,0,00000000,0,0,0,0,00000000,0,0,1,0,00000000,f,0,1,0,"_","_","_","_","_","_"
76,76,0,00000000,0,0,0,0,00000000,0,0,1,0,00000000,f,0,1,0,"_","_","_","_","_","_"
77,77,0,00000000,0,0,0,0,00000000,0,0,1,0,00000000,f,0,1,0,"_","_","_","_","_","_"
78,78,0,00000000,0,0,0,0,00000000,0,0,1,0,00000000,f,0,1,0,"_","_","_","_","_","_"
79,79,0,00000000,0,0,0,0,00000000,0,0,1,0,00000000,f,0,1,0,"_","_","_","_","_","_"
80,80,0,00000000,0,0,0,0,00000000,0,0,1,0,00000000,f,0,1,0,"_","_","_","_","_","_"
81,81,0,00000000,0,0,0,0,00000000,0,0,1,0,00000000,f,0,1,0,"_","_","_","_","_","_"
82,82,0,00000000,0,0,0,0,00000000,0,0,1,0,00000000,f,0,1,0,"_","_","_","_","_","_"
83,83,0,00000000,0,0,0,0,00000000,0,0,1,0,00000000,f,0,1,0,"_","_","_","_","_","_"
84,84,0,00000000,0,0,0,0,00000000,0,0,1,0,00000000,f,0,1,0,"_","_","_","_","_","_"
85,85,0,00000000,0,0,0,0,00000000,0,0,1,0,00000000,f,0,1,0,"_","_","_","_","_","_"
86,86,0,00000000,0,0,0,0,00000000,0,0,1,0,00000000,f,0,1,0,"_","_","_","_","_","_"
87,87,0,00000000,0,0,0,0,00000000,0,0,1,0,00000000,f,0,1,0,"_","_","_","_","_","_"
88,88,0,00000000,0,0,0,0,00000000,0,0,1,0,00000000,f,0,1,0,"_","_","_","_","_","_"
89,89,0,00000000,0,0,0,0,00000000,0,0,1,0,00000000,f,0,1,0,"_","_","_","_","_","_"
90,90,0,00000000,0,0,0,0,00000000,0,0,1,0,00000000,f,0,1,0,"_","_","_","_","_","_"
91,91,0,00000000,0,0,0,0,00000000,0,0,1,0,00000000,f,0,1,0,"_","_","_","_","_","_"
92,92,0,00000000,0,0,0,0,00000000,0,0,1,0,00000000,f,0,1,0,"_","_","_","_","_","_"
93,93,0,00000000,0,0,0,0,00000000,0,0,1,0,00000000,f,0,1,0,"_","_","_","_","_","_"
94,94,0,00000000,0,0,0,0,00000000,0,0,1,0,00000000,f,0,1,0,"_","_","_","_","_","_"
95,95,0,00000000,0,0,0,0,00000000,0,0,1,0,00000000,f,0,1,0,"_","_","_","_","_","_"
96,96,0,00000000,0,0,0,0,00000000,0,0,1,0,00000000,f,0,1,0,"_","_","_","_","_","_"
97,97,0,00000000,0,0,0,0,00000000,0,0,1,0,00000000,f,0,1,0,"_","_","_","_","_","_"
98,98,0,00000000,0,0,0,0,00000000,0,0,1,0,00000000,f,0,1,0,"_","_","_","_","_","_"
99,99,0,00000000,0,0,0,0,00000000,0,0,1,0,00000000,f,0,1,0,"_","_","_","_","_","_"
100,100,0,00000000,0,0,0,0,00000000,0,0,1,0,00000000,f,0,1,0,"_","_","_","_","_","_"
101,101,0,00000000,0,0,0,0,00000000,0,0,1,0,00000000,f,0,1,0,"_","_","_","_","_","_"
102,102,0,00000000,0,0,0,0,00000000,0,0,1,0,00000000,f,0,1,0,"_","_","_","_","_","_"
103,103,0,00000000,0,0,0,0,00000000,0,0,1,0,00000000,f,0,1,0,"_","_","_","_","_","_"
104,104,0,00000000,0,0,0,0,00000000,0,0,1,0,00000000,f,0,1,0,"_","_","_","_","_","_"
105,105,0,00000000,0,0,0,0,00000000,0,0,1,0,00000000,f,0,1,0,"_","_","_","_","_","_"
106,106,0,00000000,0,0,0,0,00000000,0,0,1,0,00000000,f,0,1,0,"_","_","_","_","_","_"
107,107,0,00000000,0,0,0,0,00000000,0,0,1,0,00000000,f,0,1,0,"_","_","_","_","_","_"
108,108,0,00000000,0,0,0,0,00000000,0,0,1,0,00000000,f,0,1,0,"_","_","_","_","_","_"
109,109,0,00000000,0,0,0,0,00000000,0,0,1,0,00000000,f,0,1,0,"_","_","_","_","_","_"
110,110,0,00000000,0,0,0,0,00000000,0,0,1,0,00000000,f,0,1,0,"_","_","_","_","_","_"
111,111,0,00000000,0,0,0,0,00000000,0,0,1,0,00000000,f,0,1,0,"_","_","_","_","_","_"
112,112,0,00000000,0,0,0,0,00000000,0,0,1,0,00000000,f,0,1,0,"_","_","_","_","_","_"
113,113,0,00000000,0,0,0,0,00000000,0,0,1,0,00000000,f,0,1,0,"_","_","_","_","_","_"
114,114,0,00000000,0,0,0,0,00000000,0,0,1,0,00000000,f,0,1,0,"_","_","_","_","_","_"
115,115,0,00000000,0,0,0,0,00000000,0,0,1,0,00000000,f,0,1,0,"_","_","_","_","_","_"
116,116,0,00000000,0,0,0,0,00000000,0,0,1,0,00000000,f,0,1,0,"_","_","_","_","_","_"
117,117,0,00000000,0,0,0,0,00000000,0,0,1,0,00000000,f,0,1,0,"_","_","_","_","_","_"
118,118,0,00000000,0,0,0,0,00000000,0,0,1,0,00000000,f,0,1,0,"_","_","_","_","_","_"
119,119,0,00000000,0,0,0,0,00000000,0,0,1,0,00000000,f,0,1,0,"_","_","_","_","_","_"
120,120,0,00000000,0,0,0,0,00000000,0,0,1,0,00000000,f,0,1,0,"_","_","_","_","_","_"
121,121,0,00000000,0,0,0,0,00000000,0,0,1,0,00000000,f,0,1,0,"_","_","_","_","_","_"
122,122,0,00000000,0,0,0,0,00000000,0,0,1,0,00000000,f,0,1,0,"_","_","_","_","_","_"
123,123,0,00000000,0,0,0,0,00000000,0,0,1,0,00000000,f,0,1,0,"_","_","_","_","_","_"
124,124,0,00000000,0,0,0,0,00000000,0,0,1,0,00000000,f,0,1,0,"_","_","_","_","_","_"
125,125,0,00000000,0,0,0,0,00000000,0,0,1,0,00000000,f,0,1,0,"_","_","_","_","_","_"
126,126,0,00000000,0,0,0,0,00000000,0,0,1,0,00000000,f,0,1,0,"_","_","_","_","_","_"
127,127,0,00000000,0,0,0,0,00000000,0,0,1,0,00000000,f,0,1,0,"_","_","_","_","_","_"
128,128,0,00000000,0,0,0,0,00000000,0,0,1,0,00000000,f,0,1,0,"_","_","_","_","_","_"
129,129,0,00000000,0,0,0,0,00000000,0,0,1,0,00000000,f,0,1,0,"_","_","_","_","_","_"
130,130,0,00000000,0,0,0,0,00000000,0,0,1,0,00000000,f,0,1,0,"_","_","_","_","_","_"
131,131,0,00000000,0,0,0,0,00000000,0,0,1,0,00000000,f,0,1,0,"_","_","_","_","_","_"
132,132,0,00000000,0,0,0,0,00000000,0,0,1,0,00000000,f,0,1,0,"_","_","_","_","_","_"
133,133,0,00000000,0,0,0,0,00000000,0,0,1,0,00000000,f,0,1,0,"_","_","_","_","_","_"
134,134,0,00000000,0,0,0,0,00000000,0,0,1,0,00000000,f,0,1,0,"_","_","_","_","_","_"
135,135,0,00000000,0,0,0,0,00000000,0,0,1,0,00000000,f,0,1,0,"_","_","_","_","_","_"
136,136,0,00000000,0,0,0,0,00000000,0,0,1,0,00000000,f,0,1,0,"_","_","_","_","_","_"
137,137,0,00000000,0,0,0,0,00000000,0,0,1,0,00000000,f,0,1,0,"_","_","_","_","_","_"
138,138,0,00000000,0,0,0,0,00000000,0,0,1,0,00000000,f,0,1,0,"_","_","_","_","_","_"
139,139,0,00000000,0,0,0,0,00000000,0,0,1,0,00000000,f,0,1,0,"_","_","_","_","_","_"
140,140,0,00000000,0,0,0,0,00000000,0,0,1,0,00000000,f,0,1,0,"_","_","_","_","_","_"
141,141,0,00000000,0,0,0,0,00000000,0,0,1,0,00000000,f,0,1,0,"_","_","_","_","_","_"
142,142,0,00000000,0,0,0,0,00000000,0,0,1,0,00000000,f,0,1,0,"_","_","_","_","_","_"
143,143,0,00000000,0,0,0,0,00000000,0,0,1,0,00000000,f,0,1,0,"_","_","_","_","_","_"
144,144,0,00000000,0,0,0,0,00000000,0,0,1,0,00000000,f,0,1,0,"_","_","_","_","_","_"
145,145,0,00000000,0,0,0,0,00000000,0,0,1,0,00000000,f,0,1,0,"_","_","_","_","_","_"
146,146,0,00000000,0,0,0,0,00000000,0,0,1,0,00000000,f,0,1,0,"_","_","_","_","_","_"
147,147,0,00000000,0,0,0,0,00000000,0,0,1,0,00000000,f,0,1,0,"_","_","_","_","_","_"
148,148,0,00000000,0,0,0,0,00000000,0,0,1,0,00000000,f,0,1,0,"_","_","_","_","_","_"
149,149,0,00000000,0,0,0,0,00000000,0,0,1,0,00000000,f,0,1,0,"_","_","_","_","_","_"
150,150,0,00000000,0,0,0,0,00000000,0,0,1,0,00000000,f,0,1,0,"_","_","_","_","_","_"
151,151,0,00000000,0,0,0,0,00000000,0,0,1,0,00000000,f,0,1,0,"_","_","_","_","_","_"
152,152,0,00000000,0,0,0,0,00000000,0,0,1,0,00000000,f,0,1,0,"_","_","_","_","_","_"
153,153,0,00000000,0,0,0,0,00000000,0,0,1,0,00000000,f,0,1,0,"_","_","_","_","_","_"
154,154,0,00000000,0,0,0,0,00000000,0,0,1,0,00000000,f,0,1,0,"_","_","_","_","_","_"
155,155,0,00000000,0,0,0,0,00000000,0,0,1,0,00000000,f,0,1,0,"_","_","_","_","_","_"
156,156,0,00000000,0,0,0,0,00000000,0,0,1,0,00000000,f,0,1,0,"_","_","_","_","_","_"
157,157,0,00000000,0,0,0,0,00000000,0,0,1,0,00000000,f,0,1,0,"_","_","_","_","_","_"
158,158,0,00000000,0,0,0,0,00000000,0,0,1,0,00000000,f,0,1,0,"_","_","_","_","_","_"
159,159,0,00000000,0,0,0,0,00000000,0,0,1,0,00000000,f,0,1,0,"_","_","_","_","_","_"
160,160,0,00000000,0,0,0,0,00000000,0,0,1,0,00000000,f,0,1,0,"_","_","_","_","_","_"
161,161,0,00000000,0,0,0,0,00000000,0,0,1,0,00000000,f,0,1,0,"_","_","_","_","_","_"
162,162,0,00000000,0,0,0,0,00000000,0,0,1,0,00000000,f,0,1,0,"_","_","_","_","_","_"
163,163,0,00000000,0,0,0,0,00000000,0,0,1,0,00000000,f,0,1,0,"_","_","_","_","_","_"
164,164,0,00000000,0,0,0,0,00000000,0,0,1,0,00000000,f,0,1,0,"_","_","_","_","_","_"
165,165,0,00000000,0,0,0,0,00000000,0,0,1,0,00000000,f,0,1,0,"_","_","_","_","_","_"
166,166,0,00000000,0,0,0,0,00000000,0,0,1,0,00000000,f,0,1,0,"_","_","_","_","_","_"
167,167,0,00000000,0,0,0,0,00000000,0,0,1,0,00000000,f,0,1,0,"_","_","_","_","_","_"
168,168,0,00000000,0,0,0,0,00000000,0,0,1,0,00000000,f,0,1,0,"_","_","_","_","_","_"
169,169,0,00000000,0,0,0,0,00000000,0,0,1,0,00000000,f,0,1,0,"_","_","_","_","_","_"
170,170,0,00000000,0,0,0,0,00000000,0,0,1,0,00000000,f,0,1,0,"_","_","_","_","_","_"
171,171,0,00000000,0,0,0,0,00000000,0,0,1,0,00000000,f,0,1,0,"_","_","_","_","_","_"
172,172,0,00000000,0,0,0,0,00000000,0,0,1,0,00000000,f,0,1,0,"_","_","_","_","_","_"
173,173,0,00000000,0,0,0,0,00000000,0,0,1,0,00000000,f,0,1,0,"_","_","_","_","_","_"
174,174,0,00000000,0,0,0,0,00000000,0,0,1,0,00000000,f,0,1,0,"_","_","_","_","_","_"
175,175,0,00000000,0,0,0,0,00000000,0,0,1,0,00000000,f,0,1,0,"_","_","_","_","_","_"
176,176,0,00000000,0,0,0,0,00000000,0,0,1,0,00000000,f,0,1,0,"_","_","_","_","_","_"
177,177,0,00000000,0,0,0,0,00000000,0,0,1,0,00000000,f,0,1,0,"_","_","_","_","_","_"
178,178,0,00000000,0,0,0,0,00000000,0,0,1,0,00000000,f,0,1,0,"_","_","_","_","_","_"
179,179,0,00000000,0,0,0,0,00000000,0,0,1,0,00000000,f,0,1,0,"_","_","_","_","_","_"
180,180,0,00000000,0,0,0,0,00000000,0,0,1,0,00000000,f,0,1,0,"_","_","_","_","_","_"
181,181,0,00000000,0,0,0,0,00000000,0,0,1,0,00000000,f,0,1,0,"_","_","_","_","_","_"
182,182,0,00000000,0,0,0,0,00000000,0,0,1,0,00000000,f,0,1,0,"_","_","_","_","_","_"
183,183,0,00000000,0,0,0,0,00000000,0,0,1,0,00000000,f,0,1,0,"_","_","_","_","_","_"
184,184,0,00000000,0,0,0,0,00000000,0,0,1,0,00000000,f,0,1,0,"_","_","_","_","_","_"
185,185,0,00000000,0,0,0,0,00000000,0,0,1,0,00000000,f,0,1,0,"_","_","_","_","_","_"
186,186,0,00000000,0,0,0,0,00000000,0,0,1,0,00000000,f,0,1,0,"_","_","_","_","_","_"
187,187,0,00000000,0,0,0,0,00000000,0,0,1,0,00000000,f,0,1,0,"_","_","_","_","_","_"
188,188,0,00000000,0,0,0,0,00000000,0,0,1,0,00000000,f,0,1,0,"_","_","_","_","_","_"
189,189,0,00000000,0,0,0,0,00000000,0,0,1,0,00000000,f,0,1,0,"_","_","_","_","_","_"
190,190,0,00000000,0,0,0,0,00000000,0,0,1,0,00000000,f,0,1,0,"_","_","_","_","_","_"
191,191,0,00000000,0,0,0,0,00000000,0,0,1,0,00000000,f,0,1,0,"_","_","_","_","_","_"
192,192,0,00000000,0,0,0,0,00000000,0,0,1,0,00000000,f,0,1,0,"_","_","_","_","_","_"
193,193,0,00000000,0,0,0,0,00000000,0,0,1,0,00000000,f,0,1,0,"_","_","_","_","_","_"
194,194,0,00000000,0,0,0,0,00000000,0,0,1,0,00000000,f,0,1,0,"_","_","_","_","_","_"
195,195,0,00000000,0,0,0,0,00000000,0,0,1,0,00000000,f,0,1,0,"_","_","_","_","_","_"
196,196,0,00000000,0,0,0,0,00000000,0,0,1,0,00000000,f,0,1,0,"_","_","_","_","_","_"
197,197,0,00000000,0,0,0,0,00000000,0,0,1,0,00000000,f,0,1,0,"_","_","_","_","_","_"
198,198,0,00000000,0,0,0,0,00000000,0,0,1,0,00000000,f,0,1,0,"_","_","_","_","_","_"
199,199,0,00000000,0,0,0,0,00000000,0,0,1,0,00000000,f,0,1,0,"_","_","_","_","_","_"
200,200,0,00000000,0,0,0,0,00000000,0,0,1,0,00000000,f,0,1,0,"_","_","_","_","_","_"
201,201,0,00000000,0,0,0,0,00000000,0,0,1,0,00000000,f,0,1,0,"_","_","_","_","_","_"
202,202,0,00000000,0,0,0,0,00000000,0,0,1,0,00000000,f,0,1,0,"_","_","_","_","_","_"
203,203,0,00000000,0,0,0,0,00000000,0,0,1,0,00000000,f,0,1,0,"_","_","_","_","_","_"
204,204,0,00000000,0,0,0,0,00000000,0,0,1,0,00000000,f,0,1,0,"_","_","_","_","_","_"
205,205,0,00000000,0,0,0,0,00000000,0,0,1,0,00000000,f,0,1,0,"_","_","_","_","_","_"
206,206,0,00000000,0,0,0,0,00000000,0,0,1,0,00000000,f,0,1,0,"_","_","_","_","_","_"
207,207,0,00000000,0,0,0,0,00000000,0,0,1,0,00000000,f,0,1,0,"_","_","_","_","_","_"
208,208,0,00000000,0,0,0,0,00000000,0,0,1,0,00000000,f,0,1,0,"_","_","_","_","_","_"
209,209,0,00000000,0,0,0,0,00000000,0,0,1,0,00000000,f,0,1,0,"_","_","_","_","_","_"
210,210,0,00000000,0,0,0,0,00000000,0,0,1,0,00000000,f,0,1,0,"_","_","_","_","_","_"
211,211,0,00000000,0,0,0,0,00000000,0,0,1,0,00000000,f,0,1,0,"_","_","_","_","_","_"
212,212,0,00000000,0,0,0,0,00000000,0,0,1,0,00000000,f,0,1,0,"_","_","_","_","_","_"
213,213,0,00000000,0,0,0,0,00000000,0,0,1,0,00000000,f,0,1,0,"_","_","_","_","_","_"
214,214,0,00000000,0,0,0,0,00000000,0,0,1,0,00000000,f,0,1,0,"_","_","_","_","_","_"
215,215,0,00000000,0,0,0,0,00000000,0,0,1,0,00000000,f,0,1,0,"_","_","_","_","_","_"
216,216,0,00000000,0,0,0,0,00000000,0,0,1,0,00000000,f,0,1,0,"_","_","_","_","_","_"
217,217,0,00000000,0,0,0,0,00000000,0,0,1,0,00000000,f,0,1,0,"_","_","_","_","_","_"
218,218,0,00000000,0,0,0,0,00000000,0,0,1,0,00000000,f,0,1,0,"_","_","_","_","_","_"
219,219,0,00000000,0,0,0,0,00000000,0,0,1,0,00000000,f,0,1,0,"_","_","_","_","_","_"
220,220,0,00000000,0,0,0,0,00000000,0,0,1,0,00000000,f,0,1,0,"_","_","_","_","_","_"
221,221,0,00000000,0,0,0,0,00000000,0,0,1,0,00000000,f,0,1,0,"_","_","_","_","_","_"
222,222,0,00000000,0,0,0,0,00000000,0,0,1,0,00000000,f,0,1,0,"_","_","_","_","_","_"
223,223,0,00000000,0,0,0,0,00000000,0,0,1,0,00000000,f,0,1,0,"_","_","_","_","_","_"
224,224,0,00000000,0,0,0,0,00000000,0,0,1,0,00000000,f,0,1,0,"_","_","_","_","_","_"
225,225,0,00000000,0,0,0,0,00000000,0,0,1,0,00000000,f,0,1,0,"_","_","_","_","_","_"
226,226,0,00000000,0,0,0,0,00000000,0,0,1,0,00000000,f,0,1,0,"_","_","_","_","_","_"
227,227,0,00000000,0,0,0,0,00000000,0,0,1,0,00000000,f,0,1,0,"_","_","_","_","_","_"
228,228,0,00000000,0,0,0,0,00000000,0,0,1,0,00000000,f,0,1,0,"_","_","_","_","_","_"
229,229,0,00000000,0,0,0,0,00000000,0,0,1,0,00000000,f,0,1,0,"_","_","_","_","_","_"
230,230,0,00000000,0,0,0,0,00000000,0,0,1,0,00000000,f,0,1,0,"_","_","_","_","_","_"
231,231,0,00000000,0,0,0,0,00000000,0,0,1,0,00000000,f,0,1,0,"_","_","_","_","_","_"
232,232,0,00000000,0,0,0,0,00000000,0,0,1,0,00000000,f,0,1,0,"_","_","_","_","_","_"
233,233,0,00000000,0,0,0,0,00000000,0,0,1,0,00000000,f,0,1,0,"_","_","_","_","_","_"
234,234,0,00000000,0,0,0,0,00000000,0,0,1,0,00000000,f,0,1,0,"_","_","_","_","_","_"
235,235,0,00000000,0,0,0,0,00000000,0,0,1,0,00000000,f,0,1,0,"_","_","_","_","_","_"
236,236,0,00000000,0,0,0,0,00000000,0,0,1,0,00000000,f,0,1,0,"_","_","_","_","_","_"
237,237,0,00000000,0,0,0,0,00000000,0,0,1,0,00000000,f,0,1,0,"_","_","_","_","_","_"
238,238,0,00000000,0,0,0,0,00000000,0,0,1,0,00000000,f,0,1,0,"_","_","_","_","_","_"
239,239,0,00000000,0,0,0,0,00000000,0,0,1,0,00000000,f,0,1,0,"_","_","_","_","_","_"
240,240,0,00000000,0,0,0,0,00000000,0,0,1,0,00000000,f,0,1,0,"_","_","_","_","_","_"
241,241,0,00000000,0,0,0,0,00000000,0,0,1,0,00000000,f,0,1,0,"_","_","_","_","_","_"
242,242,0,00000000,0,0,0,0,00000000,0,0,1,0,00000000,f,0,1,0,"_","_","_","_","_","_"
243,243,0,00000000,0,0,0,0,00000000,0,0,1,0,00000000,f,0,1,0,"_","_","_","_","_","_"
244,244,0,00000000,0,0,0,0,00000000,0,0,1,0,00000000,f,0,1,0,"_","_","_","_","_","_"
245,245,0,00000000,0,0,0,0,00000000,0,0,1,0,00000000,f,0,1,0,"_","_","_","_","_","_"
246,246,0,00000000,0,0,0,0,00000000,0,0,1,0,00000000,f,0,1,0,"_","_","_","_","_","_"
247,247,0,00000000,0,0,0,0,00000000,0,0,1,0,00000000,f,0,1,0,"_","_","_","_","_","_"
248,248,0,00000000,0,0,0,0,00000000,0,0,1,0,00000000,f,0,1,0,"_","_","_","_","_","_"
249,249,0,00000000,0,0,0,0,00000000,0,0,1,0,00000000,f,0,1,0,"_","_","_","_","_","_"
250,250,0,00000000,0,0,0,0,00000000,0,0,1,0,00000000,f,0,1,0,"_","_","_","_","_","_"
251,251,0,00000000,0,0,0,0,00000000,0,0,1,0,00000000,f,0,1,0,"_","_","_","_","_","_"
252,252,0,00000000,0,0,0,0,00000000,0,0,1,0,00000000,f,0,1,0,"_","_","_","_","_","_"
253,253,0,00000000,0,0,0,0,00000000,0,0,1,0,00000000,f,0,1,0,"_","_","_","_","_","_"
254,254,0,00000000,0,0,0,0,00000000,0,0,1,0,00000000,f,0,1,0,"_","_","_","_","_","_"
255,255,0,00000000,0,0,0,0,00000000,0,0,1,0,00000000,f,0,1,0,"_","_","_","_","_","_"
256,256,0,00000000,0,0,0,0,00000000,0,0,1,0,00000000,f,0,1,0,"_","_","_","_","_","_"
257,257,0,00000000,0,0,0,0,00000000,0,0,1,0,00000000,f,0,1,0,"_","_","_","_","_","_"
258,258,0,00000000,0,0,0,0,00000000,0,0,1,0,00000000,f,0,1,0,"_","_","_","_","_","_"
259,259,0,00000000,0,0,0,0,00000000,0,0,1,0,00000000,f,0,1,0,"_","_","_","_","_","_"
260,260,0,00000000,0,0,0,0,00000000,0,0,1,0,00000000,f,0,1,0,"_","_","_","_","_","_"
261,261,0,00000000,0,0,0,0,00000000,0,0,1,0,00000000,f,0,1,0,"_","_","_","_","_","_"
262,262,0,00000000,0,0,0,0,00000000,0,0,1,0,00000000,f,0,1,0,"_","_","_","_","_","_"
263,263,0,00000000,0,0,0,0,00000000,0,0,1,0,00000000,f,0,1,0,"_","_","_","_","_","_"
264,264,0,00000000,0,0,0,0,00000000,0,0,1,0,00000000,f,0,1,0,"_","_","_","_","_","_"
265,265,0,00000000,0,0,0,0,00000000,0,0,1,0,00000000,f,0,1,0,"_","_","_","_","_","_"
266,266,0,00000000,0,0,0,0,00000000,0,0,1,0,00000000,f,0,1,0,"_","_","_","_","_","_"
267,267,0,00000000,0,0,0,0,00000000,0,0,1,0,00000000,f,0,1,0,"_","_","_","_","_","_"
268,268,0,00000000,0,0,0,0,00000000,0,0,1,0,00000000,f,0,1,0,"_","_","_","_","_","_"
269,269,0,00000000,0,0,0,0,00000000,0,0,1,0,00000000,f,0,1,0,"_","_","_","_","_","_"
270,270,0,00000000,0,0,0,0,00000000,0,0,1,0,00000000,f,0,1,0,"_","_","_","_","_","_"
271,271,0,00000000,0,0,0,0,00000000,0,0,1,0,00000000,f,0,1,0,"_","_","_","_","_","_"
272,272,0,00000000,0,0,0,0,00000000,0,0,1,0,00000000,f,0,1,0,"_","_","_","_","_","_"
273,273,0,00000000,0,0,0,0,00000000,0,0,1,0,00000000,f,0,1,0,"_","_","_","_","_","_"
274,274,0,00000000,0,0,0,0,00000000,0,0,1,0,00000000,f,0,1,0,"_","_","_","_","_","_"
275,275,0,00000000,0,0,0,0,00000000,0,0,1,0,00000000,f,0,1,0,"_","_","_","_","_","_"
276,276,0,00000000,0,0,0,0,00000000,0,0,1,0,00000000,f,0,1,0,"_","_","_","_","_","_"
277,277,0,00000000,0,0,0,0,00000000,0,0,1,0,00000000,f,0,1,0,"_","_","_","_","_","_"
278,278,0,00000000,0,0,0,0,00000000,0,0,1,0,00000000,f,0,1,0,"_","_","_","_","_","_"
279,279,0,00000000,0,0,0,0,00000000,0,0,1,0,00000000,f,0,1,0,"_","_","_","_","_","_"
280,280,0,00000000,0,0,0,0,00000000,0,0,1,0,00000000,f,0,1,0,"_","_","_","_","_","_"
281,281,0,00000000,0,0,0,0,00000000,0,0,1,0,00000000,f,0,1,0,"_","_","_","_","_","_"
282,282,0,00000000,0,0,0,0,00000000,0,0,1,0,00000000,f,0,1,0,"_","_","_","_","_","_"
283,283,0,00000000,0,0,0,0,00000000,0,0,1,0,00000000,f,0,1,0,"_","_","_","_","_","_"
284,284,0,00000000,0,0,0,0,00000000,0,0,1,0,00000000,f,0,1,0,"_","_","_","_","_","_"
285,285,0,00000000,0,0,0,0,00000000,0,0,1,0,00000000,f,0,1,0,"_","_","_","_","_","_"
286,286,0,00000000,0,0,0,0,00000000,0,0,1,0,00000000,f,0,1,0,"_","_","_","_","_","_"
287,287,0,00000000,0,0,0,0,00000000,0,0,1,0,00000000,f,0,1,0,"_","_","_","_","_","_"
288,288,0,00000000,0,0,0,0,00000000,0,0,1,0,00000000,f,0,1,0,"_","_","_","_","_","_"
289,289,0,00000000,0,0,0,0,00000000,0,0,1,0,00000000,f,0,1,0,"_","_","_","_","_","_"
290,290,0,00000000,0,0,0,0,00000000,0,0,1,0,00000000,f,0,1,0,"_","_","_","_","_","_"
291,291,0,00000000,0,0,0,0,00000000,0,0,1,0,00000000,f,0,1,0,"_","_","_","_","_","_"
292,292,0,00000000,0,0,0,0,00000000,0,0,1,0,00000000,f,0,1,0,"_","_","_","_","_","_"
293,293,0,00000000,0,0,0,0,00000000,0,0,1,0,00000000,f,0,1,0,"_","_","_","_","_","_"
294,294,0,00000000,0,0,0,0,00000000,0,0,1,0,00000000,f,0,1,0,"_","_","_","_","_","_"
295,295,0,00000000,0,0,0,0,00000000,0,0,1,0,00000000,f,0,1,0,"_","_","_","_","_","_"
296,296,0,00000000,0,0,0,0,00000000,0,0,1,0,00000000,f,0,1,0,"_","_","_","_","_","_"
297,297,0,00000000,0,0,0,0,00000000,0,0,1,0,00000000,f,0,1,0,"_","_","_","_","_","_"
298,298,0,00000000,0,0,0,0,00000000,0,0,1,0,00000000,f,0,1,0,"_","_","_","_","_","_"
299,299,0,00000000,0,0,0,0,00000000,0,0,1,0,00000000,f,0,1,0,"_","_","_","_","_","_"
300,300,0,00000000,0,0,0,0,00000000,0,0,1,0,00000000,f,0,1,0,"_","_","_","_","_","_"
301,301,0,00000000,0,0,0,0,00000000,0,0,1,0,00000000,f,0,1,0,"_","_","_","_","_","_"
302,302,0,00000000,0,0,0,0,00000000,0,0,1,0,00000000,f,0,1,0,"_","_","_","_","_","_"
303,303,0,00000000,0,0,0,0,00000000,0,0,1,0,00000000,f,0,1,0,"_","_","_","_","_","_"
304,304,0,00000000,0,0,0,0,00000000,0,0,1,0,00000000,f,0,1,0,"_","_","_","_","_","_"
305,305,0,00000000,0,0,0,0,00000000,0,0,1,0,00000000,f,0,1,0,"_","_","_","_","_","_"
306,306,0,00000000,0,0,0,0,00000000,0,0,1,0,00000000,f,0,1,0,"_","_","_","_","_","_"
307,307,0,00000000,0,0,0,0,00000000,0,0,1,0,00000000,f,0,1,0,"_","_","_","_","_","_"
308,308,0,00000000,0,0,0,0,00000000,0,0,1,0,00000000,f,0,1,0,"_","_","_","_","_","_"
309,309,0,00000000,0,0,0,0,00000000,0,0,1,0,00000000,f,0,1,0,"_","_","_","_","_","_"
310,310,0,00000000,0,0,0,0,00000000,0,0,1,0,00000000,f,0,1,0,"_","_","_","_","_","_"
311,311,0,00000000,0,0,0,0,00000000,0,0,1,0,00000000,f,0,1,0,"_","_","_","_","_","_"
312,312,0,00000000,0,0,0,0,00000000,0,0,1,0,00000000,f,0,1,0,"_","_","_","_","_","_"
313,313,0,00000000,0,0,0,0,00000000,0,0,1,0,00000000,f,0,1,0,"_","_","_","_","_","_"
314,314,0,00000000,0,0,0,0,00000000,0,0,1,0,00000000,f,0,1,0,"_","_","_","_","_","_"
315,315,0,00000000,0,0,0,0,00000000,0,0,1,0,00000000,f,0,1,0,"_","_","_","_","_","_"
316,316,0,00000000,0,0,0,0,00000000,0,0,1,0,00000000,f,0,1,0,"_","_","_","_","_","_"
317,317,0,00000000,0,0,0,0,00000000,0,0,1,0,00000000,f,0,1,0,"_","_","_","_","_","_"
318,318,0,00000000,0,0,0,0,00000000,0,0,1,0,00000000,f,0,1,0,"_","_","_","_","_","_"
319,319,0,00000000,0,0,0,0,00000000,0,0,1,0,00000000,f,0,1,0,"_","_","_","_","_","_"
320,320,0,00000000,0,0,0,0,00000000,0,0,1,0,00000000,f,0,1,0,"_","_","_","_","_","_"
321,321,0,00000000,0,0,0,0,00000000,0,0,1,0,00000000,f,0,1,0,"_","_","_","_","_","_"
322,322,0,00000000,0,0,0,0,00000000,0,0,1,0,00000000,f,0,1,0,"_","_","_","_","_","_"
323,323,0,00000000,0,0,0,0,00000000,0,0,1,0,00000000,f,0,1,0,"_","_","_","_","_","_"
324,324,0,00000000,0,0,0,0,00000000,0,0,1,0,00000000,f,0,1,0,"_","_","_","_","_","_"
325,325,0,00000000,0,0,0,0,00000000,0,0,1,0,00000000,f,0,1,0,"_","_","_","_","_","_"
326,326,0,00000000,0,0,0,0,00000000,0,0,1,0,00000000,f,0,1,0,"_","_","_","_","_","_"
327,327,0,00000000,0,0,0,0,00000000,0,0,1,0,00000000,f,0,1,0,"_","_","_","_","_","_"
328,328,0,00000000,0,0,0,0,00000000,0,0,1,0,00000000,f,0,1,0,"_","_","_","_","_","_"
329,329,0,00000000,0,0,0,0,00000000,0,0,1,0,00000000,f,0,1,0,"_","_","_","_","_","_"
330,330,0,00000000,0,0,0,0,00000000,0,0,1,0,00000000,f,0,1,0,"_","_","_","_","_","_"
331,331,0,00000000,0,0,0,0,00000000,0,0,1,0,00000000,f,0,1,0,"_","_","_","_","_","_"
332,332,0,00000000,0,0,0,0,00000000,0,0,1,0,00000000,f,0,1,0,"_","_","_","_","_","_"
333,333,0,00000000,0,0,0,0,00000000,0,0,1,0,00000000,f,0,1,0,"_","_","_","_","_","_"
334,334,0,00000000,0,0,0,0,00000000,0,0,1,0,00000000,f,0,1,0,"_","_","_","_","_","_"
335,335,0,00000000,0,0,0,0,00000000,0,0,1,0,00000000,f,0,1,0,"_","_","_","_","_","_"
336,336,0,00000000,0,0,0,0,00000000,0,0,1,0,00000000,f,0,1,0,"_","_","_","_","_","_"
337,337,0,00000000,0,0,0,0,00000000,0,0,1,0,00000000,f,0,1,0,"_","_","_","_","_","_"
338,338,0,00000000,0,0,0,0,00000000,0,0,1,0,00000000,f,0,1,0,"_","_","_","_","_","_"
339,339,0,00000000,0,0,0,0,00000000,0,0,1,0,00000000,f,0,1,0,"_","_","_","_","_","_"
340,340,0,00000000,0,0,0,0,00000000,0,0,1,0,00000000,f,0,1,0,"_","_","_","_","_","_"
341,341,0,00000000,0,0,0,0,00000000,0,0,1,0,00000000,f,0,1,0,"_","_","_","_","_","_"
342,342,0,00000000,0,0,0,0,00000000,0,0,1,0,00000000,f,0,1,0,"_","_","_","_","_","_"
343,343,0,00000000,0,0,0,0,00000000,0,0,1,0,00000000,f,0,1,0,"_","_","_","_","_","_"
344,344,0,00000000,0,0,0,0,00000000,0,0,1,0,00000000,f,0,1,0,"_","_","_","_","_","_"
345,345,0,00000000,0,0,0,0,00000000,0,0,1,0,00000000,f,0,1,0,"_","_","_","_","_","_"
346,346,0,00000000,0,0,0,0,00000000,0,0,1,0,00000000,f,0,1,0,"_","_","_","_","_","_"
347,347,0,00000000,0,0,0,0,00000000,0,0,1,0,00000000,f,0,1,0,"_","_","_","_","_","_"
348,348,0,00000000,0,0,0,0,00000000,0,0,1,0,00000000,f,0,1,0,"_","_","_","_","_","_"
349,349,0,00000000,0,0,0,0,00000000,0,0,1,0,00000000,f,0,1,0,"_","_","_","_","_","_"
350,350,0,00000000,0,0,0,0,00000000,0,0,1,0,00000000,f,0,1,0,"_","_","_","_","_","_"
351,351,0,00000000,0,0,0,0,00000000,0,0,1,0,00000000,f,0,1,0,"_","_","_","_","_","_"
352,352,0,00000000,0,0,0,0,00000000,0,0,1,0,00000000,f,0,1,0,"_","_","_","_","_","_"
353,353,0,00000000,0,0,0,0,00000000,0,0,1,0,00000000,f,0,1,0,"_","_","_","_","_","_"
354,354,0,00000000,0,0,0,0,00000000,0,0,1,0,00000000,f,0,1,0,"_","_","_","_","_","_"
355,355,0,00000000,0,0,0,0,00000000,0,0,1,0,00000000,f,0,1,0,"_","_","_","_","_","_"
356,356,0,00000000,0,0,0,0,00000000,0,0,1,0,00000000,f,0,1,0,"_","_","_","_","_","_"
357,357,0,00000000,0,0,0,0,00000000,0,0,1,0,00000000,f,0,1,0,"_","_","_","_","_","_"
358,358,0,00000000,0,0,0,0,00000000,0,0,1,0,00000000,f,0,1,0,"_","_","_","_","_","_"
359,359,0,00000000,0,0,0,0,00000000,0,0,1,0,00000000,f,0,1,0,"_","_","_","_","_","_"
360,360,0,00000000,0,0,0,0,00000000,0,0,1,0,00000000,f,0,1,0,"_","_","_","_","_","_"
361,361,0,00000000,0,0,0,0,00000000,0,0,1,0,00000000,f,0,1,0,"_","_","_","_","_","_"
362,362,0,00000000,0,0,0,0,00000000,0,0,1,0,00000000,f,0,1,0,"_","_","_","_","_","_"
363,363,0,00000000,0,0,0,0,00000000,0,0,1,0,00000000,f,0,1,0,"_","_","_","_","_","_"
364,364,0,00000000,0,0,0,0,00000000,0,0,1,0,00000000,f,0,1,0,"_","_","_","_","_","_"
365,365,0,00000000,0,0,0,0,00000000,0,0,1,0,00000000,f,0,1,0,"_","_","_","_","_","_"
366,366,0,00000000,0,0,0,0,00000000,0,0,1,0,00000000,f,0,1,0,"_","_","_","_","_","_"
367,367,0,00000000,0,0,0,0,00000000,0,0,1,0,00000000,f,0,1,0,"_","_","_","_","_","_"
368,368,0,00000000,0,0,0,0,00000000,0,0,1,0,00000000,f,0,1,0,"_","_","_","_","_","_"
369,369,0,00000000,0,0,0,0,00000000,0,0,1,0,00000000,f,0,1,0,"_","_","_","_","_","_"
370,370,0,00000000,0,0,0,0,00000000,0,0,1,0,00000000,f,0,1,0,"_","_","_","_","_","_"
371,371,0,00000000,0,0,0,0,00000000,0,0,1,0,00000000,f,0,1,0,"_","_","_","_","_","_"
372,372,0,00000000,0,0,0,0,00000000,0,0,1,0,00000000,f,0,1,0,"_","_","_","_","_","_"
373,373,0,00000000,0,0,0,0,00000000,0,0,1,0,00000000,f,0,1,0,"_","_","_","_","_","_"
374,374,0,00000000,0,0,0,0,00000000,0,0,1,0,00000000,f,0,1,0,"_","_","_","_","_","_"
375,375,0,00000000,0,0,0,0,00000000,0,0,1,0,00000000,f,0,1,0,"_","_","_","_","_","_"
376,376,0,00000000,0,0,0,0,00000000,0,0,1,0,00000000,f,0,1,0,"_","_","_","_","_","_"
377,377,0,00000000,0,0,0,0,00000000,0,0,1,0,00000000,f,0,1,0,"_","_","_","_","_","_"
378,378,0,00000000,0,0,0,0,00000000,0,0,1,0,00000000,f,0,1,0,"_","_","_","_","_","_"
379,379,0,00000000,0,0,0,0,00000000,0,0,1,0,00000000,f,0,1,0,"_","_","_","_","_","_"
380,380,0,00000000,0,0,0,0,00000000,0,0,1,0,00000000,f,0,1,0,"_","_","_","_","_","_"
381,381,0,00000000,0,0,0,0,00000000,0,0,1,0,00000000,f,0,1,0,"_","_","_","_","_","_"
382,382,0,00000000,0,0,0,0,00000000,0,0,1,0,00000000,f,0,1,0,"_","_","_","_","_","_"
383,383,0,00000000,0,0,0,0,00000000,0,0,1,0,00000000,f,0,1,0,"_","_","_","_","_","_"
384,384,0,00000000,0,0,0,0,00000000,0,0,1,0,00000000,f,0,1,0,"_","_","_","_","_","_"
385,385,0,00000000,0,0,0,0,00000000,0,0,1,0,00000000,f,0,1,0,"_","_","_","_","_","_"
386,386,0,00000000,0,0,0,0,00000000,0,0,1,0,00000000,f,0,1,0,"_","_","_","_","_","_"
387,387,0,00000000,0,0,0,0,00000000,0,0,1,0,00000000,f,0,1,0,"_","_","_","_","_","_"
388,388,0,00000000,0,0,0,0,00000000,0,0,1,0,00000000,f,0,1,0,"_","_","_","_","_","_"
389,389,0,00000000,0,0,0,0,00000000,0,0,1,0,00000000,f,0,1,0,"_","_","_","_","_","_"
390,390,0,00000000,0,0,0,0,00000000,0,0,1,0,00000000,f,0,1,0,"_","_","_","_","_","_"
391,391,0,00000000,0,0,0,0,00000000,0,0,1,0,00000000,f,0,1,0,"_","_","_","_","_","_"
392,392,0,00000000,0,0,0,0,00000000,0,0,1,0,00000000,f,0,1,0,"_","_","_","_","_","_"
393,393,0,00000000,0,0,0,0,00000000,0,0,1,0,00000000,f,0,1,0,"_","_","_","_","_","_"
394,394,0,00000000,0,0,0,0,00000000,0,0,1,0,00000000,f,0,1,0,"_","_","_","_","_","_"
395,395,0,00000000,0,0,0,0,00000000,0,0,1,0,00000000,f,0,1,0,"_","_","_","_","_","_"
396,396,0,00000000,0,0,0,0,00000000,0,0,1,0,00000000,f,0,1,0,"_","_","_","_","_","_"
397,397,0,00000000,0,0,0,0,00000000,0,0,1,0,00000000,f,0,1,0,"_","_","_","_","_","_"
398,398,0,00000000,0,0,0,0,00000000,0,0,1,0,00000000,f,0,1,0,"_","_","_","_","_","_"
399,399,0,00000000,0,0,0,0,00000000,0,0,1,0,00000000,f,0,1,0,"_","_","_","_","_","_"
400,400,0,00000000,0,0,0,0,00000000,0,0,1,0,00000000,f,0,1,0,"_","_","_","_","_","_"
401,401,0,00000000,0,0,0,0,00000000,0,0,1,0,00000000,f,0,1,0,"_","_","_","_","_","_"
402,402,0,00000000,0,0,0,0,00000000,0,0,1,0,00000000,f,0,1,0,"_","_","_","_","_","_"
403,403,0,00000000,0,0,0,0,00000000,0,0,1,0,00000000,f,0,1,0,"_","_","_","_","_","_"
404,404,0,00000000,0,0,0,0,00000000,0,0,1,0,00000000,f,0,1,0,"_","_","_","_","_","_"
405,405,0,00000000,0,0,0,0,00000000,0,0,1,0,00000000,f,0,1,0,"_","_","_","_","_","_"
406,406,0,00000000,0,0,0,0,00000000,0,0,1,0,00000000,f,0,1,0,"_","_","_","_","_","_"
407,407,0,00000000,0,0,0,0,00000000,0,0,1,0,00000000,f,0,1,0,"_","_","_","_","_","_"
408,408,0,00000000,0,0,0,0,00000000,0,0,1,0,00000000,f,0,1,0,"_","_","_","_","_","_"
409,409,0,00000000,0,0,0,0,00000000,0,0,1,0,00000000,f,0,1,0,"_","_","_","_","_","_"
410,410,0,00000000,0,0,0,0,00000000,0,0,1,0,00000000,f,0,1,0,"_","_","_","_","_","_"
411,411,0,00000000,0,0,0,0,00000000,0,0,1,0,00000000,f,0,1,0,"_","_","_","_","_","_"
412,412,0,00000000,0,0,0,0,00000000,0,0,1,0,00000000,f,0,1,0,"_","_","_","_","_","_"
413,413,0,00000000,0,0,0,0,00000000,0,0,1,0,00000000,f,0,1,0,"_","_","_","_","_","_"
414,414,0,00000000,0,0,0,0,00000000,0,0,1,0,00000000,f,0,1,0,"_","_","_","_","_","_"
415,415,0,00000000,0,0,0,0,00000000,0,0,1,0,00000000,f,0,1,0,"_","_","_","_","_","_"
416,416,0,00000000,0,0,0,0,00000000,0,0,1,0,00000000,f,0,1,0,"_","_","_","_","_","_"
417,417,0,00000000,0,0,0,0,00000000,0,0,1,0,00000000,f,0,1,0,"_","_","_","_","_","_"
418,418,0,00000000,0,0,0,0,00000000,0,0,1,0,00000000,f,0,1,0,"_","_","_","_","_","_"
419,419,0,00000000,0,0,0,0,00000000,0,0,1,0,00000000,f,0,1,0,"_","_","_","_","_","_"
420,420,0,00000000,0,0,0,0,00000000,0,0,1,0,00000000,f,0,1,0,"_","_","_","_","_","_"
421,421,0,00000000,0,0,0,0,00000000,0,0,1,0,00000000,f,0,1,0,"_","_","_","_","_","_"
422,422,0,00000000,0,0,0,0,00000000,0,0,1,0,00000000,f,0,1,0,"_","_","_","_","_","_"
423,423,0,00000000,0,0,0,0,00000000,0,0,1,0,00000000,f,0,1,0,"_","_","_","_","_","_"
424,424,0,00000000,0,0,0,0,00000000,0,0,1,0,00000000,f,0,1,0,"_","_","_","_","_","_"
425,425,0,00000000,0,0,0,0,00000000,0,0,1,0,00000000,f,0,1,0,"_","_","_","_","_","_"
426,426,0,00000000,0,0,0,0,00000000,0,0,1,0,00000000,f,0,1,0,"_","_","_","_","_","_"
427,427,0,00000000,0,0,0,0,00000000,0,0,1,0,00000000,f,0,1,0,"_","_","_","_","_","_"
428,428,0,00000000,0,0,0,0,00000000,0,0,1,0,00000000,f,0,1,0,"_","_","_","_","_","_"
429,429,0,00000000,0,0,0,0,00000000,0,0,1,0,00000000,f,0,1,0,"_","_","_","_","_","_"
430,430,0,00000000,0,0,0,0,00000000,0,0,1,0,00000000,f,0,1,0,"_","_","_","_","_","_"
431,431,0,00000000,0,0,0,0,00000000,0,0,1,0,00000000,f,0,1,0,"_","_","_","_","_","_"
432,432,0,00000000,0,0,0,0,00000000,0,0,1,0,00000000,f,0,1,0,"_","_","_","_","_","_"
433,433,0,00000000,0,0,0,0,00000000,0,0,1,0,00000000,f,0,1,0,"_","_","_","_","_","_"
434,434,0,00000000,0,0,0,0,00000000,0,0,1,0,00000000,f,0,1,0,"_","_","_","_","_","_"
435,435,0,00000000,0,0,0,0,00000000,0,0,1,0,00000000,f,0,1,0,"_","_","_","_","_","_"
436,436,0,00000000,0,0,0,0,00000000,0,0,1,0,00000000,f,0,1,0,"_","_","_","_","_","_"
437,437,0,00000000,0,0,0,0,00000000,0,0,1,0,00000000,f,0,1,0,"_","_","_","_","_","_"
438,438,0,00000000,0,0,0,0,00000000,0,0,1,0,00000000,f,0,1,0,"_","_","_","_","_","_"
439,439,0,00000000,0,0,0,0,00000000,0,0,1,0,00000000,f,0,1,0,"_","_","_","_","_","_"
440,440,0,00000000,0,0,0,0,00000000,0,0,1,0,00000000,f,0,1,0,"_","_","_","_","_","_"
441,441,0,00000000,0,0,0,0,00000000,0,0,1,0,00000000,f,0,1,0,"_","_","_","_","_","_"
442,442,0,00000000,0,0,0,0,00000000,0,0,1,0,00000000,f,0,1,0,"_","_","_","_","_","_"
443,443,0,00000000,0,0,0,0,00000000,0,0,1,0,00000000,f,0,1,0,"_","_","_","_","_","_"
444,444,0,00000000,0,0,0,0,00000000,0,0,1,0,00000000,f,0,1,0,"_","_","_","_","_","_"
445,445,0,00000000,0,0,0,0,00000000,0,0,1,0,00000000,f,0,1,0,"_","_","_","_","_","_"
446,446,0,00000000,0,0,0,0,00000000,0,0,1,0,00000000,f,0,1,0,"_","_","_","_","_","_"
447,447,0,00000000,0,0,0,0,00000000,0,0,1,0,00000000,f,0,1,0,"_","_","_","_","_","_"
448,448,0,00000000,0,0,0,0,00000000,0,0,1,0,00000000,f,0,1,0,"_","_","_","_","_","_"
449,449,0,00000000,0,0,0,0,00000000,0,0,1,0,00000000,f,0,1,0,"_","_","_","_","_","_"
450,450,0,00000000,0,0,0,0,00000000,0,0,1,0,00000000,f,0,1,0,"_","_","_","_","_","_"
451,451,0,00000000,0,0,0,0,00000000,0,0,1,0,00000000,f,0,1,0,"_","_","_","_","_","_"
452,452,0,00000000,0,0,0,0,00000000,0,0,1,0,00000000,f,0,1,0,"_","_","_","_","_","_"
453,453,0,00000000,0,0,0,0,00000000,0,0,1,0,00000000,f,0,1,0,"_","_","_","_","_","_"
454,454,0,00000000,0,0,0,0,00000000,0,0,1,0,00000000,f,0,1,0,"_","_","_","_","_","_"
455,455,0,00000000,0,0,0,0,00000000,0,0,1,0,00000000,f,0,1,0,"_","_","_","_","_","_"
456,456,0,00000000,0,0,0,0,00000000,0,0,1,0,00000000,f,0,1,0,"_","_","_","_","_","_"
457,457,0,00000000,0,0,0,0,00000000,0,0,1,0,00000000,f,0,1,0,"_","_","_","_","_","_"
458,458,0,00000000,0,0,0,0,00000000,0,0,1,0,00000000,f,0,1,0,"_","_","_","_","_","_"
459,459,0,00000000,0,0,0,0,00000000,0,0,1,0,00000000,f,0,1,0,"_","_","_","_","_","_"
460,460,0,00000000,0,0,0,0,00000000,0,0,1,0,00000000,f,0,1,0,"_","_","_","_","_","_"
461,461,0,00000000,0,0,0,0,00000000,0,0,1,0,00000000,f,0,1,0,"_","_","_","_","_","_"
462,462,0,00000000,0,0,0,0,00000000,0,0,1,0,00000000,f,0,1,0,"_","_","_","_","_","_"
463,463,0,00000000,0,0,0,0,00000000,0,0,1,0,00000000,f,0,1,0,"_","_","_","_","_","_"
464,464,0,00000000,0,0,0,0,00000000,0,0,1,0,00000000,f,0,1,0,"_","_","_","_","_","_"
465,465,0,00000000,0,0,0,0,00000000,0,0,1,0,00000000,f,0,1,0,"_","_","_","_","_","_"
466,466,0,00000000,0,0,0,0,00000000,0,0,1,0,00000000,f,0,1,0,"_","_","_","_","_","_"
467,467,0,00000000,0,0,0,0,00000000,0,0,1,0,00000000,f,0,1,0,"_","_","_","_","_","_"
468,468,0,00000000,0,0,0,0,00000000,0,0,1,0,00000000,f,0,1,0,"_","_","_","_","_","_"
469,469,0,00000000,0,0,0,0,00000000,0,0,1,0,00000000,f,0,1,0,"_","_","_","_","_","_"
470,470,0,00000000,0,0,0,0,00000000,0,0,1,0,00000000,f,0,1,0,"_","_","_","_","_","_"
471,471,0,00000000,0,0,0,0,00000000,0,0,1,0,00000000,f,0,1,0,"_","_","_","_","_","_"
472,472,0,00000000,0,0,0,0,00000000,0,0,1,0,00000000,f,0,1,0,"_","_","_","_","_","_"
473,473,0,00000000,0,0,0,0,00000000,0,0,1,0,00000000,f,0,1,0,"_","_","_","_","_","_"
474,474,0,00000000,0,0,0,0,00000000,0,0,1,0,00000000,f,0,1,0,"_","_","_","_","_","_"
475,475,0,00000000,0,0,0,0,00000000,0,0,1,0,00000000,f,0,1,0,"_","_","_","_","_","_"
476,476,0,00000000,0,0,0,0,00000000,0,0,1,0,00000000,f,0,1,0,"_","_","_","_","_","_"
477,477,0,00000000,0,0,0,0,00000000,0,0,1,0,00000000,f,0,1,0,"_","_","_","_","_","_"
478,478,0,00000000,0,0,0,0,00000000,0,0,1,0,00000000,f,0,1,0,"_","_","_","_","_","_"
479,479,0,00000000,0,0,0,0,00000000,0,0,1,0,00000000,f,0,1,0,"_","_","_","_","_","_"
480,480,0,00000000,0,0,0,0,00000000,0,0,1,0,00000000,f,0,1,0,"_","_","_","_","_","_"
481,481,0,00000000,0,0,0,0,00000000,0,0,1,0,00000000,f,0,1,0,"_","_","_","_","_","_"
482,482,0,00000000,0,0,0,0,00000000,0,0,1,0,00000000,f,0,1,0,"_","_","_","_","_","_"
483,483,0,00000000,0,0,0,0,00000000,0,0,1,0,00000000,f,0,1,0,"_","_","_","_","_","_"
484,484,0,00000000,0,0,0,0,00000000,0,0,1,0,00000000,f,0,1,0,"_","_","_","_","_","_"
485,485,0,00000000,0,0,0,0,00000000,0,0,1,0,00000000,f,0,1,0,"_","_","_","_","_","_"
486,486,0,00000000,0,0,0,0,00000000,0,0,1,0,00000000,f,0,1,0,"_","_","_","_","_","_"
487,487,0,00000000,0,0,0,0,00000000,0,0,1,0,00000000,f,0,1,0,"_","_","_","_","_","_"
488,488,0,00000000,0,0,0,0,00000000,0,0,1,0,00000000,f,0,1,0,"_","_","_","_","_","_"
489,489,0,00000000,0,0,0,0,00000000,0,0,1,0,00000000,f,0,1,0,"_","_","_","_","_","_"
490,490,0,00000000,0,0,0,0,00000000,0,0,1,0,00000000,f,0,1,0,"_","_","_","_","_","_"
491,491,0,00000000,0,0,0,0,00000000,0,0,1,0,00000000,f,0,1,0,"_","_","_","_","_","_"
492,492,0,00000000,0,0,0,0,00000000,0,0,1,0,00000000,f,0,1,0,"_","_","_","_","_","_"
493,493,0,00000000,0,0,0,0,00000000,0,0,1,0,00000000,f,0,1,0,"_","_","_","_","_","_"
494,494,0,00000000,0,0,0,0,00000000,0,0,1,0,00000000,f,0,1,0,"_","_","_","_","_","_"
495,495,0,00000000,0,0,0,0,00000000,0,0,1,0,00000000,f,0,1,0,"_","_","_","_","_","_"
496,496,0,00000000,0,0,0,0,00000000,0,0,1,0,00000000,f,0,1,0,"_","_","_","_","_","_"
497,497,0,00000000,0,0,0,0,00000000,0,0,1,0,00000000,f,0,1,0,"_","_","_","_","_","_"
498,498,0,00000000,0,0,0,0,00000000,0,0,1,0,00000000,f,0,1,0,"_","_","_","_","_","_"
499,499,0,00000000,0,0,0,0,00000000,0,0,1,0,00000000,f,0,1,0,"_","_","_","_","_","_"
500,500,0,00000000,0,0,0,0,00000000,0,0,1,0,00000000,f,0,1,0,"_","_","_","_","_","_"
501,501,0,00000000,0,0,0,0,00000000,0,0,1,0,00000000,f,0,1,0,"_","_","_","_","_","_"
502,502,0,00000000,0,0,0,0,00000000,0,0,1,0,00000000,f,0,1,0,"_","_","_","_","_","_"
503,503,0,00000000,0,0,0,0,00000000,0,0,1,0,00000000,f,0,1,0,"_","_","_","_","_","_"
504,504,0,1b728418,f,1,0,0,00000000,0,0,1,0,00000000,f,0,1,0,"_","_","_","_","_","_"
505,505,0,1b728418,f,1,1,0,00000000,0,0,1,0,00000000,f,0,1,0,"Active","_","_","Stream Beat","_","_"
506,506,0,891f7686,f,1,1,0,00000000,0,0,1,0,00000000,f,0,1,0,"Active","_","_","Stream Beat","_","_"
507,507,0,828b227c,f,1,1,0,00000000,0,0,1,0,00000000,f,0,1,0,"Active","_","_","Stream Beat","_","_"
508,508,0,23838a22,f,1,1,0,00000000,0,0,1,0,00000000,f,0,1,0,"Active","_","_","Stream Beat","_","_"
509,509,0,8b24858a,f,1,1,0,00000000,0,0,1,0,18728418,f,1,1,0,"Active","_","Active","Stream Beat","_","Stream Beat"
510,510,0,8a8d2688,f,1,1,0,00000000,0,0,1,0,84187284,f,1,1,0,"Active","_","Active","Stream Beat","_","Stream Beat"
511,511,0,2a8c8f28,f,1,1,0,00000000,0,0,1,0,72841872,f,1,1,1,"Active","_","Active","Stream Beat","_","Last Stream"
512,512,1,90268e91,f,1,1,0,18728418,f,1,1,0,72841872,f,0,1,0,"Active","Active","_","Stream Beat","Stream Beat","_"
513,513,0,8f952b8a,f,1,1,0,84187284,f,1,1,0,1b76861b,f,1,1,0,"Active","Active","Active","Stream Beat","Stream Beat","Stream Beat"
514,514,0,288a9026,f,1,1,0,72841872,f,1,1,1,1b76861b,f,0,1,0,"Active","Active","_","Stream Beat","Last Stream","_"
515,515,0,8c218c92,f,1,1,0,72841872,f,0,1,1,1b76861b,f,0,1,0,"Active","_","_","Stream Beat","_","_"
516,516,0,8a8d2489,f,1,1,0,1b76861b,f,1,1,0,861b7686,f,1,1,0,"Active","Active","Active","Stream Beat","Stream Beat","Stream Beat"
517,517,0,2b898b2a,f,1,0,0,1b76861b,f,0,0,0,76861b76,f,1,1,1,"_","_","Active","_","_","Last Stream"
518,518,0,2b898b2a,f,1,0,0,1b76861b,f,0,0,0,76861b76,f,0,1,0,"_","_","_","_","_","_"
519,519,0,2b898b2a,f,1,1,0,861b7686,f,1,0,0,22828b22,f,1,1,0,"Active","_","Active","Stream Beat","_","Stream Beat"
520,520,0,882d8889,f,1,1,0,861b7686,f,1,0,0,22828b22,f,0,1,0,"Active","_","_","Stream Beat","_","_"
521,521,0,83882c85,f,1,0,0,861b7686,f,1,0,0,22828b22,f,0,1,0,"_","_","_","_","_","_"
522,522,0,83882c85,f,1,0,0,861b7686,f,1,0,0,8b22828b,f,1,1,0,"_","_","Active","_","_","Stream Beat"
523,523,0,83882c85,f,1,0,0,861b7686,f,1,0,0,828b2282,f,1,1,1,"_","_","Active","_","_","Last Stream"
524,524,0,83882c85,f,1,0,0,861b7686,f,1,0,0,828b2282,f,0,1,0,"_","_","_","_","_","_"
525,525,0,83882c85,f,1,0,0,861b7686,f,1,0,0,23858a23,f,1,1,0,"_","_","Active","_","_","Stream Beat"
526,526,0,83882c85,f,1,1,0,861b7686,f,1,0,0,23858a23,f,0,1,0,"Active","_","_","Stream Beat","_","_"
527,527,0,2c82872d,f,1,0,0,861b7686,f,1,0,0,23858a23,f,0,1,0,"_","_","_","_","_","_"
528,528,0,2c82872d,f,1,0,0,861b7686,f,1,0,0,8a23858a,f,1,1,0,"_","_","Active","_","_","Stream Beat"
529,529,0,2c82872d,f,1,0,0,861b7686,f,1,0,0,858a2385,f,1,1,1,"_","_","Active","_","_","Last Stream"
530,530,0,2c82872d,f,1,0,0,861b7686,f,1,0,0,858a2385,f,0,1,0,"_","_","_","_","_","_"
531,531,0,2c82872d,f,1,1,0,861b7686,f,1,0,0,268a8d26,f,1,1,0,"Active","_","Active","Stream Beat","_","Stream Beat"
532,532,0,852c7e87,f,1,1,0,861b7686,f,1,0,0,268a8d26,f,0,1,0,"Active","_","_","Stream Beat","_","_"
533,533,0,78852b7c,f,1,0,0,861b7686,f,1,0,0,268a8d26,f,0,1,0,"_","_","_","_","_","_"
534,534,0,78852b7c,f,1,0,0,861b7686,f,1,0,0,8d268a8d,f,1,1,0,"_","_","Active","_","_","Stream Beat"
535,535,0,78852b7c,f,1,0,0,861b7686,f,1,0,0,8a8d268a,f,1,1,1,"_","_","Active","_","_","Last Stream"
536,536,0,78852b7c,f,1,0,0,861b7686,f,1,0,0,8a8d268a,f,0,1,0,"_","_","_","_","_","_"
537,537,0,78852b7c,f,1,0,0,861b7686,f,1,0,0,2a8e912a,f,1,1,0,"_","_","Active","_","_","Stream Beat"
538,538,0,78852b7c,f,1,1,0,861b7686,f,1,0,0,2a8e912a,f,0,1,0,"Active","_","_","Stream Beat","_","_"
539,539,0,277b882c,f,1,0,0,861b7686,f,1,0,0,2a8e912a,f,0,1,0,"_","_","_","_","_","_"
540,540,0,277b882c,f,1,0,0,861b7686,f,1,0,0,912a8e91,f,1,1,0,"_","_","Active","_","_","Stream Beat"
541,541,0,277b882c,f,1,0,0,861b7686,f,1,0,0,8e912a8e,f,1,1,1,"_","_","Active","_","_","Last Stream"
542,542,0,277b882c,f,1,0,0,861b7686,f,1,0,0,8e912a8e,f,0,1,0,"_","_","_","_","_","_"
543,543,0,277b882c,f,1,1,0,861b7686,f,1,0,0,2b8f952b,f,1,1,0,"Active","_","Active","Stream Beat","_","Stream Beat"
544,544,0,86267786,f,1,1,0,861b7686,f,1,0,0,2b8f952b,f,0,1,0,"Active","_","_","Stream Beat","_","_"
545,545,0,74862275,f,1,0,0,861b7686,f,1,0,0,2b8f952b,f,0,1,0,"_","_","_","_","_","_"
546,546,0,74862275,f,1,0,0,861b7686,f,1,0,0,952b8f95,f,1,1,0,"_","_","Active","_","_","Stream Beat"
547,547,0,74862275,f,1,0,0,861b7686,f,1,0,0,8f952b8f,f,1,1,1,"_","_","Active","_","_","Last Stream"
548,548,0,74862275,f,1,0,0,861b7686,f,1,0,0,8f952b8f,f,0,1,0,"_","_","_","_","_","_"
549,549,0,74862275,f,1,0,0,861b7686,f,1,0,0,288c9228,f,1,1,0,"_","_","Active","_","_","Stream Beat"
550,550,0,74862275,f,1,1,0,861b7686,f,1,0,0,288c9228,f,0,1,0,"Active","_","_","Stream Beat","_","_"
551,551,0,1c71861f,f,1,0,0,861b7686,f,1,0,0,288c9228,f,0,1,0,"_","_","_","_","_","_"
552,552,0,1c71861f,f,1,0,0,861b7686,f,1,0,0,92288c92,f,1,1,0,"_","_","Active","_","_","Stream Beat"
553,553,0,1c71861f,f,1,0,0,861b7686,f,1,0,0,8c92288c,f,1,1,1,"_","_","Active","_","_","Last Stream"
554,554,0,1c71861f,f,1,0,0,861b7686,f,1,0,0,8c92288c,f,0,1,0,"_","_","_","_","_","_"
555,555,0,1c71861f,f,1,1,0,861b7686,f,1,0,0,248a8d24,f,1,1,0,"Active","_","Active","Stream Beat","_","Stream Beat"
556,556,0,871b7085,f,1,1,0,861b7686,f,1,0,0,248a8d24,f,0,1,0,"Active","_","_","Stream Beat","_","_"
557,557,0,71881c70,f,1,0,0,861b7686,f,1,0,0,248a8d24,f,0,1,0,"_","_","_","_","_","_"
558,558,0,71881c70,f,1,0,0,861b7686,f,1,0,0,8d248a8d,f,1,1,0,"_","_","Active","_","_","Stream Beat"
559,559,0,71881c70,f,1,0,0,861b7686,f,1,0,0,8a8d248a,f,1,1,1,"_","_","Active","_","_","Last Stream"
560,560,0,71881c70,f,1,0,0,861b7686,f,1,0,0,8a8d248a,f,0,1,0,"_","_","_","_","_","_"
561,561,0,71881c70,f,1,0,0,861b7686,f,1,0,0,2b88892b,f,1,1,0,"_","_","Active","_","_","Stream Beat"
562,562,0,71881c70,f,1,1,0,861b7686,f,1,0,0,2b88892b,f,0,1,0,"Active","_","_","Stream Beat","_","_"
563,563,0,1a798c20,f,1,0,0,861b7686,f,1,0,0,2b88892b,f,0,1,0,"_","_","_","_","_","_"
564,564,0,1a798c20,f,1,0,0,861b7686,f,1,0,0,892b8889,f,1,1,0,"_","_","Active","_","_","Stream Beat"
565,565,0,1a798c20,f,1,0,0,861b7686,f,1,0,0,88892b88,f,1,1,1,"_","_","Active","_","_","Last Stream"
566,566,0,1a798c20,f,1,0,0,861b7686,f,1,0,0,88892b88,f,0,1,0,"_","_","_","_","_","_"
567,567,0,1a798c20,f,1,1,0,861b7686,f,1,0,0,2c83882c,f,1,1,0,"Active","_","Active","Stream Beat","_","Stream Beat"
568,568,0,8b1d7386,f,1,1,0,861b7686,f,1,0,0,2c83882c,f,0,1,0,"Active","_","_","Stream Beat","_","_"
569,569,0,7a8c1e79,f,1,0,0,861b7686,f,1,0,0,2c83882c,f,0,1,0,"_","_","_","_","_","_"
570,570,0,7a8c1e79,f,1,0,0,861b7686,f,1,0,0,882c8388,f,1,1,0,"_","_","Active","_","_","Stream Beat"
571,571,0,7a8c1e79,f,1,0,0,861b7686,f,1,0,0,83882c83,f,1,1,1,"_","_","Active","_","_","Last Stream"
572,572,0,7a8c1e79,f,1,0,0,861b7686,f,1,0,0,83882c83,f,0,1,0,"_","_","_","_","_","_"
573,573,0,7a8c1e79,f,1,0,0,861b7686,f,1,0,0,2c7e872c,f,1,1,0,"_","_","Active","_","_","Stream Beat"
574,574,0,7a8c1e79,f,1,1,0,861b7686,f,1,0,0,2c7e872c,f,0,1,0,"Active","_","_","Stream Beat","_","_"
575,575,0,18809121,f,1,0,0,861b7686,f,1,0,0,2c7e872c,f,0,1,0,"_","_","_","_","_","_"
576,576,0,18809121,f,1,0,0,861b7686,f,1,0,0,872c7e87,f,1,1,0,"_","_","Active","_","_","Stream Beat"
577,577,0,18809121,f,1,0,0,861b7686,f,1,0,0,7e872c7e,f,1,1,1,"_","_","Active","_","_","Last Stream"
578,578,0,18809121,f,1,0,0,861b7686,f,1,0,0,7e872c7e,f,0,1,0,"_","_","_","_","_","_"
579,579,0,18809121,f,1,1,0,861b7686,f,1,0,0,2b78852b,f,1,1,0,"Active","_","Active","Stream Beat","_","Stream Beat"
580,580,0,8d1c7788,f,1,1,0,861b7686,f,1,0,0,2b78852b,f,0,1,0,"Active","_","_","Stream Beat","_","_"
581,581,0,8593217f,f,1,0,0,861b7686,f,1,0,0,2b78852b,f,0,1,0,"_","_","_","_","_","_"
582,582,0,8593217f,f,1,0,0,861b7686,f,1,0,0,852b7885,f,1,1,0,"_","_","Active","_","_","Stream Beat"
583,583,0,8593217f,f,1,0,0,861b7686,f,1,0,0,78852b78,f,1,1,1,"_","_","Active","_","_","Last Stream"
584,584,0,8593217f,f,1,0,0,861b7686,f,1,0,0,78852b78,f,0,1,0,"_","_","_","_","_","_"
585,585,0,8593217f,f,1,0,0,861b7686,f,1,0,0,27778627,f,1,1,0,"_","_","Active","_","_","Stream Beat"
586,586,0,8593217f,f,1,1,0,861b7686,f,1,0,0,27778627,f,0,1,0,"Active","_","_","Stream Beat","_","_"
587,587,0,1c899322,f,1,0,0,861b7686,f,1,0,0,27778627,f,0,1,0,"_","_","_","_","_","_"
588,588,0,1c899322,f,1,0,0,861b7686,f,1,0,0,86277786,f,1,1,0,"_","_","Active","_","_","Stream Beat"
589,589,0,1c899322,f,1,0,0,861b7686,f,1,0,0,77862777,f,1,1,1,"_","_","Active","_","_","Last Stream"
590,590,0,1c899322,f,1,0,0,861b7686,f,1,0,0,77862777,f,0,1,0,"_","_","_","_","_","_"
591,591,0,1c899322,f,1,1,0,861b7686,f,1,0,0,22748622,f,1,1,0,"Active","_","Active","Stream Beat","_","Stream Beat"
592,592,0,911d858f,f,1,1,0,861b7686,f,1,0,0,22748622,f,0,1,0,"Active","_","_","Stream Beat","_","_"
593,593,0,8c931f8a,f,1,0,0,861b7686,f,1,0,0,22748622,f,0,1,0,"_","_","_","_","_","_"
594,594,0,8c931f8a,f,1,0,0,861b7686,f,1,0,0,86227486,f,1,1,0,"_","_","Active","_","_","Stream Beat"
595,595,0,8c931f8a,f,1,0,0,861b7686,f,1,0,0,74862274,f,1,1,1,"_","_","Active","_","_","Last Stream"
596,596,0,8c931f8a,f,1,0,0,861b7686,f,1,0,0,74862274,f,0,1,0,"_","_","_","_","_","_"
597,597,0,8c931f8a,f,1,0,0,861b7686,f,1,0,0,1c70851c,f,1,1,0,"_","_","Active","_","_","Stream Beat"
598,598,0,8c931f8a,f,1,1,0,861b7686,f,1,0,0,1c70851c,f,0,1,0,"Active","_","_","Stream Beat","_","_"
599,599,0,1d8c8f1a,f,1,0,0,861b7686,f,1,0,0,1c70851c,f,0,1,0,"_","_","_","_","_","_"
600,600,0,1d8c8f1a,f,1,0,0,861b7686,f,1,0,0,851c7085,f,1,1,0,"_","_","Active","_","_","Stream Beat"
601,601,0,1d8c8f1a,f,1,0,0,861b7686,f,1,0,0,70851c70,f,1,1,1,"_","_","Active","_","_","Last Stream"
602,602,0,1d8c8f1a,f,1,0,0,861b7686,f,1,0,0,70851c70,f,0,1,0,"_","_","_","_","_","_"
603,603,0,1d8c8f1a,f,1,1,0,861b7686,f,1,0,0,1c71881c,f,1,1,0,"Active","_","Active","Stream Beat","_","Stream Beat"
604,604,0,98218f92,f,1,1,0,861b7686,f,1,0,0,1c71881c,f,0,1,0,"Active","_","_","Stream Beat","_","_"
605,605,0,94982097,f,1,0,0,861b7686,f,1,0,0,1c71881c,f,0,1,0,"_","_","_","_","_","_"
606,606,0,94982097,f,1,0,0,861b7686,f,1,0,0,881c7188,f,1,1,0,"_","_","Active","_","_","Stream Beat"
607,607,0,94982097,f,1,0,0,861b7686,f,1,0,0,71881c71,f,1,1,1,"_","_","Active","_","_","Last Stream"
608,608,0,94982097,f,1,0,0,861b7686,f,1,0,0,71881c71,f,0,1,0,"_","_","_","_","_","_"
609,609,0,94982097,f,1,0,0,861b7686,f,1,0,0,1a73861a,f,1,1,0,"_","_","Active","_","_","Stream Beat"
610,610,0,94982097,f,1,1,0,861b7686,f,1,0,0,1a73861a,f,0,1,0,"Active","_","_","Stream Beat","_","_"
611,611,0,269b9e2b,f,1,0,0,861b7686,f,1,0,0,1a73861a,f,0,1,0,"_","_","_","_","_","_"
612,612,0,269b9e2b,f,1,0,0,861b7686,f,1,0,0,861a7386,f,1,1,0,"_","_","Active","_","_","Stream Beat"
613,613,0,269b9e2b,f,1,0,0,861b7686,f,1,0,0,73861a73,f,1,1,1,"_","_","Active","_","_","Last Stream"
614,614,0,269b9e2b,f,1,0,0,861b7686,f,1,0,0,73861a73,f,0,1,0,"_","_","_","_","_","_"
615,615,0,269b9e2b,f,1,1,0,861b7686,f,1,0,0,1e7a8c1e,f,1,1,0,"Active","_","Active","Stream Beat","_","Stream Beat"
616,616,0,9423959a,f,1,1,0,861b7686,f,1,0,0,1e7a8c1e,f,0,1,0,"Active","_","_","Stream Beat","_","_"
617,617,0,94982790,f,1,0,0,861b7686,f,1,0,0,1e7a8c1e,f,0,1,0,"_","_","_","_","_","_"
618,618,0,94982790,f,1,0,0,861b7686,f,1,0,0,8c1e7a8c,f,1,1,0,"_","_","Active","_","_","Stream Beat"
619,619,0,94982790,f,1,0,0,861b7686,f,1,0,0,7a8c1e7a,f,1,1,1,"_","_","Active","_","_","Last Stream"
620,620,0,94982790,f,1,0,0,861b7686,f,1,0,0,7a8c1e7a,f,0,1,0,"_","_","_","_","_","_"
621,621,0,94982790,f,1,0,0,861b7686,f,1,0,0,18778818,f,1,1,0,"_","_","Active","_","_","Stream Beat"
622,622,0,94982790,f,1,1,0,861b7686,f,1,0,0,18778818,f,0,1,0,"Active","_","_","Stream Beat","_","_"
623,623,0,259a9c2e,f,1,0,0,861b7686,f,1,0,0,18778818,f,0,1,0,"_","_","_","_","_","_"
624,624,0,259a9c2e,f,1,0,0,861b7686,f,1,0,0,88187788,f,1,1,0,"_","_","Active","_","_","Stream Beat"
625,625,0,259a9c2e,f,1,0,0,861b7686,f,1,0,0,77881877,f,1,1,1,"_","_","Active","_","_","Last Stream"
626,626,0,259a9c2e,f,1,0,0,861b7686,f,1,0,0,77881877,f,0,1,0,"_","_","_","_","_","_"
627,627,0,259a9c2e,f,1,1,0,861b7686,f,1,0,0,21859321,f,1,1,0,"Active","_","Active","Stream Beat","_","Stream Beat"
628,628,0,8d209193,f,1,1,0,861b7686,f,1,0,0,21859321,f,0,1,0,"Active","_","_","Stream Beat","_","_"
629,629,0,9094268b,f,1,0,0,861b7686,f,1,0,0,21859321,f,0,1,0,"_","_","_","_","_","_"
630,630,0,9094268b,f,1,0,0,861b7686,f,1,0,0,93218593,f,1,1,0,"_","_","Active","_","_","Stream Beat"
631,631,0,9094268b,f,1,0,0,861b7686,f,1,0,0,85932185,f,1,1,1,"_","_","Active","_","_","Last Stream"
632,632,0,9094268b,f,1,0,0,861b7686,f,1,0,0,85932185,f,0,1,0,"_","_","_","_","_","_"
633,633,0,9094268b,f,1,0,0,861b7686,f,1,0,0,1c858f1c,f,1,1,0,"_","_","Active","_","_","Stream Beat"
634,634,0,9094268b,f,1,1,0,861b7686,f,1,0,0,1c858f1c,f,0,1,0,"Active","_","_","Stream Beat","_","_"
635,635,0,288f9229,f,1,0,0,861b7686,f,1,0,0,1c858f1c,f,0,1,0,"_","_","_","_","_","_"
636,636,0,288f9229,f,1,0,0,861b7686,f,1,0,0,8f1c858f,f,1,1,0,"_","_","Active","_","_","Stream Beat"
637,637,0,288f9229,f,1,0,0,861b7686,f,1,0,0,858f1c85,f,1,1,1,"_","_","Active","_","_","Last Stream"
638,638,0,288f9229,f,1,0,0,861b7686,f,1,0,0,858f1c85,f,0,1,0,"_","_","_","_","_","_"
639,639,0,288f9229,f,1,1,0,861b7686,f,1,0,0,1f8c931f,f,1,1,0,"Active","_","Active","Stream Beat","_","Stream Beat"
640,640,0,8f278b92,f,1,1,0,861b7686,f,1,0,0,1f8c931f,f,0,1,0,"Active","_","_","Stream Beat","_","_"
641,641,0,838e2588,f,1,0,0,861b7686,f,1,0,0,1f8c931f,f,0,1,0,"_","_","_","_","_","_"
642,642,0,838e2588,f,1,0,0,861b7686,f,1,0,0,931f8c93,f,1,1,0,"_","_","Active","_","_","Stream Beat"
643,643,0,838e2588,f,1,0,0,861b7686,f,1,0,0,8c931f8c,f,1,1,1,"_","_","Active","_","_","Last Stream"
644,644,0,838e2588,f,1,0,0,861b7686,f,1,0,0,8c931f8c,f,0,1,0,"_","_","_","_","_","_"
645,645,0,838e2588,f,1,0,0,861b7686,f,1,0,0,1d8f921d,f,1,1,0,"_","_","Active","_","_","Stream Beat"
646,646,0,838e2588,f,1,1,0,861b7686,f,1,0,0,1d8f921d,f,0,1,0,"Active","_","_","Stream Beat","_","_"
647,647,0,25818e25,f,1,0,0,861b7686,f,1,0,0,1d8f921d,f,0,1,0,"_","_","_","_","_","_"
648,648,0,25818e25,f,1,0,0,861b7686,f,1,0,0,921d8f92,f,1,1,0,"_","_","Active","_","_","Stream Beat"
649,649,0,25818e25,f,1,0,0,861b7686,f,1,0,0,8f921d8f,f,1,1,1,"_","_","Active","_","_","Last Stream"
650,650,0,25818e25,f,1,0,0,861b7686,f,1,0,0,8f921d8f,f,0,1,0,"_","_","_","_","_","_"
651,651,0,25818e25,f,1,1,0,861b7686,f,1,0,0,20949820,f,1,1,0,"Active","_","Active","Stream Beat","_","Stream Beat"
652,652,0,8f277e8f,f,1,1,0,861b7686,f,1,0,0,20949820,f,0,1,0,"Active","_","_","Stream Beat","_","_"
653,653,0,7a8f287e,f,1,0,0,861b7686,f,1,0,0,20949820,f,0,1,0,"_","_","_","_","_","_"
654,654,0,7a8f287e,f,1,0,0,861b7686,f,1,0,0,98209498,f,1,1,0,"_","_","Active","_","_","Stream Beat"
655,655,0,7a8f287e,f,1,0,0,861b7686,f,1,0,0,94982094,f,1,1,1,"_","_","Active","_","_","Last Stream"
656,656,0,7a8f287e,f,1,0,0,861b7686,f,1,0,0,94982094,f,0,1,0,"_","_","_","_","_","_"
657,657,0,7a8f287e,f,1,0,0,861b7686,f,1,0,0,26959a26,f,1,1,0,"_","_","Active","_","_","Stream Beat"
658,658,0,7a8f287e,f,1,1,0,861b7686,f,1,0,0,26959a26,f,0,1,0,"Active","_","_","Stream Beat","_","_"
659,659,0,28748825,f,1,0,0,861b7686,f,1,0,0,26959a26,f,0,1,0,"_","_","_","_","_","_"
660,660,0,28748825,f,1,0,0,861b7686,f,1,0,0,9a26959a,f,1,1,0,"_","_","Active","_","_","Stream Beat"
661,661,0,28748825,f,1,0,0,861b7686,f,1,0,0,959a2695,f,1,1,1,"_","_","Active","_","_","Last Stream"
662,662,0,28748825,f,1,0,0,861b7686,f,1,0,0,959a2695,f,0,1,0,"_","_","_","_","_","_"
663,663,0,28748825,f,1,1,0,861b7686,f,1,0,0,27949827,f,1,1,0,"Active","_","Active","Stream Beat","_","Stream Beat"
664,664,0,8927748a,f,1,1,0,861b7686,f,1,0,0,27949827,f,0,1,0,"Active","_","_","Stream Beat","_","_"
665,665,0,738d2a71,f,1,0,0,861b7686,f,1,0,0,27949827,f,0,1,0,"_","_","_","_","_","_"
666,666,0,738d2a71,f,1,0,0,861b7686,f,1,0,0,98279498,f,1,1,0,"_","_","Active","_","_","Stream Beat"
667,667,0,738d2a71,f,1,0,0,861b7686,f,1,0,0,94982794,f,1,1,1,"_","_","Active","_","_","Last Stream"
668,668,0,738d2a71,f,1,0,0,861b7686,f,1,0,0,94982794,f,0,1,0,"_","_","_","_","_","_"
669,669,0,738d2a71,f,1,0,0,861b7686,f,1,0,0,25919325,f,1,1,0,"_","_","Active","_","_","Stream Beat"
670,670,0,738d2a71,f,1,1,0,861b7686,f,1,0,0,25919325,f,0,1,0,"Active","_","_","Stream Beat","_","_"
671,671,0,2c6a8423,f,1,0,0,861b7686,f,1,0,0,25919325,f,0,1,0,"_","_","_","_","_","_"
672,672,0,2c6a8423,f,1,0,0,861b7686,f,1,0,0,93259193,f,1,1,0,"_","_","Active","_","_","Stream Beat"
673,673,0,2c6a8423,f,1,0,0,861b7686,f,1,0,0,91932591,f,1,1,1,"_","_","Active","_","_","Last Stream"
674,674,0,2c6a8423,f,1,0,0,861b7686,f,1,0,0,91932591,f,0,1,0,"_","_","_","_","_","_"
675,675,0,2c6a8423,f,1,1,0,861b7686,f,1,0,0,26909426,f,1,1,0,"Active","_","Active","Stream Beat","_","Stream Beat"
676,676,0,8d2b708e,f,1,1,0,861b7686,f,1,0,0,26909426,f,0,1,0,"Active","_","_","Stream Beat","_","_"
677,677,0,6989266f,f,1,0,0,861b7686,f,1,0,0,26909426,f,0,1,0,"_","_","_","_","_","_"
678,678,0,6989266f,f,1,0,0,861b7686,f,1,0,0,94269094,f,1,1,0,"_","_","Active","_","_","Stream Beat"
679,679,0,6989266f,f,1,0,0,861b7686,f,1,0,0,90942690,f,1,1,1,"_","_","Active","_","_","Last Stream"
680,680,0,6989266f,f,1,0,0,861b7686,f,1,0,0,90942690,f,0,1,0,"_","_","_","_","_","_"
681,681,0,6989266f,f,1,0,0,861b7686,f,1,0,0,288b9228,f,1,1,0,"_","_","Active","_","_","Stream Beat"
682,682,0,6989266f,f,1,1,0,861b7686,f,1,0,0,288b9228,f,0,1,0,"Active","_","_","Stream Beat","_","_"
683,683,0,27678928,f,1,0,0,861b7686,f,1,0,0,288b9228,f,0,1,0,"_","_","_","_","_","_"
684,684,0,27678928,f,1,0,0,861b7686,f,1,0,0,92288b92,f,1,1,0,"_","_","Active","_","_","Stream Beat"
685,685,0,27678928,f,1,0,0,861b7686,f,1,0,0,8b92288b,f,1,1,1,"_","_","Active","_","_","Last Stream"
686,686,0,27678928,f,1,0,0,861b7686,f,1,0,0,8b92288b,f,0,1,0,"_","_","_","_","_","_"
687,687,0,27678928,f,1,1,0,861b7686,f,1,0,0,25838e25,f,1,1,0,"Active","_","Active","Stream Beat","_","Stream Beat"
688,688,0,8b296688,f,1,1,0,861b7686,f,1,0,0,25838e25,f,0,1,0,"Active","_","_","Stream Beat","_","_"
689,689,0,688c2a67,f,1,0,0,861b7686,f,1,0,0,25838e25,f,0,1,0,"_","_","_","_","_","_"
690,690,0,688c2a67,f,1,0,0,861b7686,f,1,0,0,8e25838e,f,1,1,0,"_","_","Active","_","_","Stream Beat"
691,691,0,688c2a67,f,1,0,0,861b7686,f,1,0,0,838e2583,f,1,1,1,"_","_","Active","_","_","Last Stream"
692,692,0,688c2a67,f,1,0,0,861b7686,f,1,0,0,838e2583,f,0,1,0,"_","_","_","_","_","_"
693,693,0,688c2a67,f,1,0,0,861b7686,f,1,0,0,257e8f25,f,1,1,0,"_","_","Active","_","_","Stream Beat"
694,694,0,688c2a67,f,1,1,0,861b7686,f,1,0,0,257e8f25,f,0,1,0,"Active","_","_","Stream Beat","_","_"
695,695,0,2f678b2b,f,1,0,0,861b7686,f,1,0,0,257e8f25,f,0,1,0,"_","_","_","_","_","_"
696,696,0,2f678b2b,f,1,0,0,861b7686,f,1,0,0,8f257e8f,f,1,1,0,"_","_","Active","_","_","Stream Beat"
697,697,0,2f678b2b,f,1,0,0,861b7686,f,1,0,0,7e8f257e,f,1,1,1,"_","_","Active","_","_","Last Stream"
698,698,0,2f678b2b,f,1,0,0,861b7686,f,1,0,0,7e8f257e,f,0,1,0,"_","_","_","_","_","_"
699,699,0,2f678b2b,f,1,1,0,861b7686,f,1,0,0,287a8f28,f,1,1,0,"Active","_","Active","Stream Beat","_","Stream Beat"
700,700,0,8f2f6b8f,f,1,1,0,861b7686,f,1,0,0,287a8f28,f,0,1,0,"Active","_","_","Stream Beat","_","_"
701,701,0,648a276b,f,1,0,0,861b7686,f,1,0,0,287a8f28,f,0,1,0,"_","_","_","_","_","_"
702,702,0,648a276b,f,1,0,0,861b7686,f,1,0,0,8f287a8f,f,1,1,0,"_","_","Active","_","_","Stream Beat"
703,703,0,648a276b,f,1,0,0,861b7686,f,1,0,0,7a8f287a,f,1,1,1,"_","_","Active","_","_","Last Stream"
704,704,0,648a276b,f,1,0,0,861b7686,f,1,0,0,7a8f287a,f,0,1,0,"_","_","_","_","_","_"
705,705,0,648a276b,f,1,0,0,861b7686,f,1,0,0,28748a28,f,1,1,0,"_","_","Active","_","_","Stream Beat"
706,706,0,648a276b,f,1,1,0,861b7686,f,1,0,0,28748a28,f,0,1,0,"Active","_","_","Stream Beat","_","_"
707,707,0,2a6c9431,f,1,0,0,861b7686,f,1,0,0,28748a28,f,0,1,0,"_","_","_","_","_","_"
708,708,0,2a6c9431,f,1,0,0,861b7686,f,1,0,0,8a28748a,f,1,1,0,"_","_","Active","_","_","Stream Beat"
709,709,0,2a6c9431,f,1,0,0,861b7686,f,1,0,0,748a2874,f,1,1,1,"_","_","Active","_","_","Last Stream"
710,710,0,2a6c9431,f,1,0,0,861b7686,f,1,0,0,748a2874,f,0,1,0,"_","_","_","_","_","_"
711,711,0,2a6c9431,f,1,1,0,861b7686,f,1,0,0,2a738d2a,f,1,1,0,"Active","_","Active","Stream Beat","_","Stream Beat"
712,712,0,8a226893,f,1,1,0,861b7686,f,1,0,0,2a738d2a,f,0,1,0,"Active","_","_","Stream Beat","_","_"
713,713,0,648e2261,f,1,0,0,861b7686,f,1,0,0,2a738d2a,f,0,1,0,"_","_","_","_","_","_"
714,714,0,648e2261,f,1,0,0,861b7686,f,1,0,0,8d2a738d,f,1,1,0,"_","_","Active","_","_","Stream Beat"
715,715,0,648e2261,f,1,0,0,861b7686,f,1,0,0,738d2a73,f,1,1,1,"_","_","Active","_","_","Last Stream"
716,716,0,648e2261,f,1,0,0,861b7686,f,1,0,0,738d2a73,f,0,1,0,"_","_","_","_","_","_"
717,717,0,648e2261,f,1,0,0,861b7686,f,1,0,0,2c708e2c,f,1,1,0,"_","_","Active","_","_","Stream Beat"
718,718,0,648e2261,f,1,1,0,861b7686,f,1,0,0,2c708e2c,f,0,1,0,"Active","_","_","Stream Beat","_","_"
719,719,0,1e658f23,f,1,0,0,861b7686,f,1,0,0,2c708e2c,f,0,1,0,"_","_","_","_","_","_"
720,720,0,1e658f23,f,1,0,0,861b7686,f,1,0,0,8e2c708e,f,1,1,0,"_","_","Active","_","_","Stream Beat"
721,721,0,1e658f23,f,1,0,0,861b7686,f,1,0,0,708e2c70,f,1,1,1,"_","_","Active","_","_","Last Stream"
722,722,0,1e658f23,f,1,0,0,861b7686,f,1,0,0,708e2c70,f,0,1,0,"_","_","_","_","_","_"
723,723,0,1e658f23,f,1,1,0,861b7686,f,1,0,0,26698926,f,1,1,0,"Active","_","Active","Stream Beat","_","Stream Beat"
724,724,0,9323648e,f,1,1,0,861b7686,f,1,0,0,26698926,f,0,1,0,"Active","_","_","Stream Beat","_","_"
725,725,0,6b93216b,f,1,0,0,861b7686,f,1,0,0,26698926,f,0,1,0,"_","_","_","_","_","_"
726,726,0,6b93216b,f,1,0,0,861b7686,f,1,0,0,89266989,f,1,1,0,"_","_","Active","_","_","Stream Beat"
727,727,0,6b93216b,f,1,0,0,861b7686,f,1,0,0,69892669,f,1,1,1,"_","_","Active","_","_","Last Stream"
728,728,0,6b93216b,f,1,0,0,861b7686,f,1,0,0,69892669,f,0,1,0,"_","_","_","_","_","_"
729,729,0,6b93216b,f,1,0,0,861b7686,f,1,0,0,27668827,f,1,1,0,"_","_","Active","_","_","Stream Beat"
730,730,0,6b93216b,f,1,1,0,861b7686,f,1,0,0,27668827,f,0,1,0,"Active","_","_","Stream Beat","_","_"
731,731,0,20759d2a,f,1,0,0,861b7686,f,1,0,0,27668827,f,0,1,0,"_","_","_","_","_","_"
732,732,0,20759d2a,f,1,0,0,861b7686,f,1,0,0,88276688,f,1,1,0,"_","_","Active","_","_","Stream Beat"
733,733,0,20759d2a,f,1,0,0,861b7686,f,1,0,0,66882766,f,1,1,1,"_","_","Active","_","_","Last Stream"
734,734,0,20759d2a,f,1,0,0,861b7686,f,1,0,0,66882766,f,0,1,0,"_","_","_","_","_","_"
735,735,0,20759d2a,f,1,1,0,861b7686,f,1,0,0,2a688c2a,f,1,1,0,"Active","_","Active","Stream Beat","_","Stream Beat"
736,736,0,97246b93,f,1,1,0,861b7686,f,1,0,0,2a688c2a,f,0,1,0,"Active","_","_","Stream Beat","_","_"
737,737,0,79a12e6f,f,1,0,0,861b7686,f,1,0,0,2a688c2a,f,0,1,0,"_","_","_","_","_","_"
738,738,0,79a12e6f,f,1,0,0,861b7686,f,1,0,0,8c2a688c,f,1,1,0,"_","_","Active","_","_","Stream Beat"
739,739,0,79a12e6f,f,1,0,0,861b7686,f,1,0,0,688c2a68,f,1,1,1,"_","_","Active","_","_","Last Stream"
740,740,0,79a12e6f,f,1,0,0,861b7686,f,1,0,0,688c2a68,f,0,1,0,"_","_","_","_","_","_"
741,741,0,79a12e6f,f,1,0,0,861b7686,f,1,0,0,2f6b8f2f,f,1,1,0,"_","_","Active","_","_","Stream Beat"
742,742,0,79a12e6f,f,1,1,0,861b7686,f,1,0,0,2f6b8f2f,f,0,1,0,"Active","_","_","Stream Beat","_","_"
743,743,0,26759d2b,f,1,0,0,861b7686,f,1,0,0,2f6b8f2f,f,0,1,0,"_","_","_","_","_","_"
744,744,0,26759d2b,f,1,0,0,861b7686,f,1,0,0,8f2f6b8f,f,1,1,0,"_","_","Active","_","_","Stream Beat"
745,745,0,26759d2b,f,1,0,0,861b7686,f,1,0,0,6b8f2f6b,f,1,1,1,"_","_","Active","_","_","Last Stream"
746,746,0,26759d2b,f,1,0,0,861b7686,f,1,0,0,6b8f2f6b,f,0,1,0,"_","_","_","_","_","_"
747,747,0,26759d2b,f,1,1,0,861b7686,f,1,0,0,27648a27,f,1,1,0,"Active","_","Active","Stream Beat","_","Stream Beat"
748,748,0,9b297098,f,1,1,0,861b7686,f,1,0,0,27648a27,f,0,1,0,"Active","_","_","Stream Beat","_","_"
749,749,0,789d2c73,f,1,0,0,861b7686,f,1,0,0,27648a27,f,0,1,0,"_","_","_","_","_","_"
750,750,0,789d2c73,f,1,0,0,861b7686,f,1,0,0,8a27648a,f,1,1,0,"_","_","Active","_","_","Stream Beat"
751,751,0,789d2c73,f,1,0,0,861b7686,f,1,0,0,648a2764,f,1,1,1,"_","_","Active","_","_","Last Stream"
752,752,0,789d2c73,f,1,0,0,861b7686,f,1,0,0,648a2764,f,0,1,0,"_","_","_","_","_","_"
753,753,0,789d2c73,f,1,0,0,861b7686,f,1,0,0,2a68932a,f,1,1,0,"_","_","Active","_","_","Stream Beat"
754,754,0,789d2c73,f,1,1,0,861b7686,f,1,0,0,2a68932a,f,0,1,0,"Active","_","_","Stream Beat","_","_"
755,755,0,317e9930,f,1,0,0,861b7686,f,1,0,0,2a68932a,f,0,1,0,"_","_","_","_","_","_"
756,756,0,317e9930,f,1,0,0,861b7686,f,1,0,0,932a6893,f,1,1,0,"_","_","Active","_","_","Stream Beat"
757,757,0,317e9930,f,1,0,0,861b7686,f,1,0,0,68932a68,f,1,1,1,"_","_","Active","_","_","Last Stream"
758,758,0,317e9930,f,1,0,0,861b7686,f,1,0,0,68932a68,f,0,1,0,"_","_","_","_","_","_"
759,759,0,317e9930,f,1,1,0,861b7686,f,1,0,0,22648e22,f,1,1,0,"Active","_","Active","Stream Beat","_","Stream Beat"
760,760,0,9c348299,f,1,1,0,861b7686,f,1,0,0,22648e22,f,0,1,0,"Active","_","_","Stream Beat","_","_"
761,761,0,7e952d85,f,1,0,0,861b7686,f,1,0,0,22648e22,f,0,1,0,"_","_","_","_","_","_"
762,762,0,7e952d85,f,1,0,0,861b7686,f,1,0,0,8e22648e,f,1,1,0,"_","_","Active","_","_","Stream Beat"
763,763,0,7e952d85,f,1,0,0,861b7686,f,1,0,0,648e2264,f,1,1,1,"_","_","Active","_","_","Last Stream"
764,764,0,7e952d85,f,1,0,0,861b7686,f,1,0,0,648e2264,f,0,1,0,"_","_","_","_","_","_"
765,765,0,7e952d85,f,1,0,0,861b7686,f,1,0,0,1e648e1e,f,1,1,0,"_","_","Active","_","_","Stream Beat"
766,766,0,7e952d85,f,1,1,0,861b7686,f,1,0,0,1e648e1e,f,0,1,0,"Active","_","_","Stream Beat","_","_"
767,767,0,33829833,f,1,0,0,861b7686,f,1,0,0,1e648e1e,f,0,1,0,"_","_","_","_","_","_"
768,768,0,33829833,f,1,0,0,861b7686,f,1,0,0,8e1e648e,f,1,1,0,"_","_","Active","_","_","Stream Beat"
769,769,0,33829833,f,1,0,0,861b7686,f,1,0,0,648e1e64,f,1,1,1,"_","_","Active","_","_","Last Stream"
770,770,0,33829833,f,1,0,0,861b7686,f,1,0,0,648e1e64,f,0,1,0,"_","_","_","_","_","_"
771,771,0,33829833,f,1,1,0,861b7686,f,1,0,0,216b9321,f,1,1,0,"Active","_","Active","Stream Beat","_","Stream Beat"
772,772,0,9b368298,f,1,1,0,861b7686,f,1,0,0,216b9321,f,0,1,0,"Active","_","_","Stream Beat","_","_"
773,773,0,81973285,f,1,0,0,861b7686,f,1,0,0,216b9321,f,0,1,0,"_","_","_","_","_","_"
774,774,0,81973285,f,1,0,0,861b7686,f,1,0,0,93216b93,f,1,1,0,"_","_","Active","_","_","Stream Beat"
775,775,0,81973285,f,1,0,0,861b7686,f,1,0,0,6b93216b,f,1,1,1,"_","_","Active","_","_","Last Stream"
776,776,0,81973285,f,1,0,0,861b7686,f,1,0,0,6b93216b,f,0,1,0,"_","_","_","_","_","_"
777,777,0,81973285,f,1,0,0,861b7686,f,1,0,0,206b9320,f,1,1,0,"_","_","Active","_","_","Stream Beat"
778,778,0,81973285,f,1,1,0,861b7686,f,1,0,0,206b9320,f,0,1,0,"Active","_","_","Stream Beat","_","_"
779,779,0,3a7e9430,f,1,0,0,861b7686,f,1,0,0,206b9320,f,0,1,0,"_","_","_","_","_","_"
780,780,0,3a7e9430,f,1,0,0,861b7686,f,1,0,0,93206b93,f,1,1,0,"_","_","Active","_","_","Stream Beat"
781,781,0,3a7e9430,f,1,0,0,861b7686,f,1,0,0,6b93206b,f,1,1,1,"_","_","Active","_","_","Last Stream"
782,782,0,3a7e9430,f,1,0,0,861b7686,f,1,0,0,6b93206b,f,0,1,0,"_","_","_","_","_","_"
783,783,0,3a7e9430,f,1,1,0,861b7686,f,1,0,0,2e79a12e,f,1,1,0,"Active","_","Active","Stream Beat","_","Stream Beat"
784,784,0,9a38889e,f,1,1,0,861b7686,f,1,0,0,2e79a12e,f,0,1,0,"Active","_","_","Stream Beat","_","_"
785,785,0,859b3984,f,1,0,0,861b7686,f,1,0,0,2e79a12e,f,0,1,0,"_","_","_","_","_","_"
786,786,0,859b3984,f,1,0,0,861b7686,f,1,0,0,a12e79a1,f,1,1,0,"_","_","Active","_","_","Stream Beat"
787,787,0,859b3984,f,1,0,0,861b7686,f,1,0,0,79a12e79,f,1,1,1,"_","_","Active","_","_","Last Stream"
788,788,0,859b3984,f,1,0,0,861b7686,f,1,0,0,79a12e79,f,0,1,0,"_","_","_","_","_","_"
789,789,0,859b3984,f,1,0,0,861b7686,f,1,0,0,26709826,f,1,1,0,"_","_","Active","_","_","Stream Beat"
790,790,0,859b3984,f,1,1,0,861b7686,f,1,0,0,26709826,f,0,1,0,"Active","_","_","Stream Beat","_","_"
791,791,0,408da140,f,1,0,0,861b7686,f,1,0,0,26709826,f,0,1,0,"_","_","_","_","_","_"
792,792,0,408da140,f,1,0,0,861b7686,f,1,0,0,98267098,f,1,1,0,"_","_","Active","_","_","Stream Beat"
793,793,0,408da140,f,1,0,0,861b7686,f,1,0,0,70982670,f,1,1,1,"_","_","Active","_","_","Last Stream"
794,794,0,408da140,f,1,0,0,861b7686,f,1,0,0,70982670,f,0,1,0,"_","_","_","_","_","_"
795,795,0,408da140,f,1,1,0,861b7686,f,1,0,0,2c789d2c,f,1,1,0,"Active","_","Active","Stream Beat","_","Stream Beat"
796,796,0,a3448da1,f,1,1,0,861b7686,f,1,0,0,2c789d2c,f,0,1,0,"Active","_","_","Stream Beat","_","_"
797,797,0,92a6478f,f,1,0,0,861b7686,f,1,0,0,2c789d2c,f,0,1,0,"_","_","_","_","_","_"
798,798,0,92a6478f,f,1,0,0,861b7686,f,1,0,0,9d2c789d,f,1,1,0,"_","_","Active","_","_","Stream Beat"
799,799,0,92a6478f,f,1,0,0,861b7686,f,1,0,0,789d2c78,f,1,1,1,"_","_","Active","_","_","Last Stream"
800,800,0,92a6478f,f,1,0,0,861b7686,f,1,0,0,789d2c78,f,0,1,0,"_","_","_","_","_","_"
801,801,0,92a6478f,f,1,0,0,861b7686,f,1,0,0,31829931,f,1,1,0,"_","_","Active","_","_","Stream Beat"
802,802,0,92a6478f,f,1,1,0,861b7686,f,1,0,0,31829931,f,0,1,0,"Active","_","_","Stream Beat","_","_"
803,803,0,478ea346,f,1,0,0,861b7686,f,1,0,0,31829931,f,0,1,0,"_","_","_","_","_","_"
804,804,0,478ea346,f,1,0,0,861b7686,f,1,0,0,99318299,f,1,1,0,"_","_","Active","_","_","Stream Beat"
805,805,0,478ea346,f,1,0,0,861b7686,f,1,0,0,82993182,f,1,1,1,"_","_","Active","_","_","Last Stream"
806,806,0,478ea346,f,1,0,0,861b7686,f,1,0,0,82993182,f,0,1,0,"_","_","_","_","_","_"
807,807,0,478ea346,f,1,1,0,861b7686,f,1,0,0,2d7e952d,f,1,1,0,"Active","_","Active","Stream Beat","_","Stream Beat"
808,808,0,a64b8fa4,f,1,1,0,861b7686,f,1,0,0,2d7e952d,f,0,1,0,"Active","_","_","Stream Beat","_","_"
809,809,0,93a84d91,f,1,0,0,861b7686,f,1,0,0,2d7e952d,f,0,1,0,"_","_","_","_","_","_"
810,810,0,93a84d91,f,1,0,0,861b7686,f,1,0,0,952d7e95,f,1,1,0,"_","_","Active","_","_","Stream Beat"
811,811,0,93a84d91,f,1,0,0,861b7686,f,1,0,0,7e952d7e,f,1,1,1,"_","_","Active","_","_","Last Stream"
812,812,0,93a84d91,f,1,0,0,861b7686,f,1,0,0,7e952d7e,f,0,1,0,"_","_","_","_","_","_"
813,813,0,93a84d91,f,1,0,0,861b7686,f,1,0,0,33829833,f,1,1,0,"_","_","Active","_","_","Stream Beat"
814,814,0,93a84d91,f,1,1,0,861b7686,f,1,0,0,33829833,f,0,1,0,"Active","_","_","Stream Beat","_","_"
815,815,0,4b92a64d,f,1,0,0,861b7686,f,1,0,0,33829833,f,0,1,0,"_","_","_","_","_","_"
816,816,0,4b92a64d,f,1,0,0,861b7686,f,1,0,0,98338298,f,1,1,0,"_","_","Active","_","_","Stream Beat"
817,817,0,4b92a64d,f,1,0,0,861b7686,f,1,0,0,82983382,f,1,1,1,"_","_","Active","_","_","Last Stream"
818,818,0,4b92a64d,f,1,0,0,861b7686,f,1,0,0,82983382,f,0,1,0,"_","_","_","_","_","_"
819,819,0,4b92a64d,f,1,1,0,861b7686,f,1,0,0,32819732,f,1,1,0,"Active","_","Active","Stream Beat","_","Stream Beat"
820,820,0,a74c90a4,f,1,1,0,861b7686,f,1,0,0,32819732,f,0,1,0,"Active","_","_","Stream Beat","_","_"
821,821,0,96ab5092,f,1,0,0,861b7686,f,1,0,0,32819732,f,0,1,0,"_","_","_","_","_","_"
822,822,0,96ab5092,f,1,0,0,861b7686,f,1,0,0,97328197,f,1,1,0,"_","_","Active","_","_","Stream Beat"
823,823,0,96ab5092,f,1,0,0,861b7686,f,1,0,0,81973281,f,1,1,1,"_","_","Active","_","_","Last Stream"
824,824,0,96ab5092,f,1,0,0,861b7686,f,1,0,0,81973281,f,0,1,0,"_","_","_","_","_","_"
825,825,0,96ab5092,f,1,0,0,861b7686,f,1,0,0,3a889e3a,f,1,1,0,"_","_","Active","_","_","Stream Beat"
826,826,0,96ab5092,f,1,1,0,861b7686,f,1,0,0,3a889e3a,f,0,1,0,"Active","_","_","Stream Beat","_","_"
827,827,0,4e95aa4f,f,1,0,0,861b7686,f,1,0,0,3a889e3a,f,0,1,0,"_","_","_","_","_","_"
828,828,0,4e95aa4f,f,1,0,0,861b7686,f,1,0,0,9e3a889e,f,1,1,0,"_","_","Active","_","_","Stream Beat"
829,829,0,4e95aa4f,f,1,0,0,861b7686,f,1,0,0,889e3a88,f,1,1,1,"_","_","Active","_","_","Last Stream"
830,830,0,4e95aa4f,f,1,0,0,861b7686,f,1,0,0,889e3a88,f,0,1,0,"_","_","_","_","_","_"
831,831,0,4e95aa4f,f,1,1,0,861b7686,f,1,0,0,39859b39,f,1,1,0,"Active","_","Active","Stream Beat","_","Stream Beat"
832,832,0,b05894a9,f,1,1,0,861b7686,f,1,0,0,39859b39,f,0,1,0,"Active","_","_","Stream Beat","_","_"
833,833,0,99af5a99,f,1,0,0,861b7686,f,1,0,0,39859b39,f,0,1,0,"_","_","_","_","_","_"
834,834,0,99af5a99,f,1,0,0,861b7686,f,1,0,0,9b39859b,f,1,1,0,"_","_","Active","_","_","Stream Beat"
835,835,0,99af5a99,f,1,0,0,861b7686,f,1,0,0,859b3985,f,1,1,1,"_","_","Active","_","_","Last Stream"
836,836,0,99af5a99,f,1,0,0,861b7686,f,1,0,0,859b3985,f,0,1,0,"_","_","_","_","_","_"
837,837,0,99af5a99,f,1,0,0,861b7686,f,1,0,0,408da140,f,1,1,0,"_","_","Active","_","_","Stream Beat"
838,838,0,99af5a99,f,1,1,0,861b7686,f,1,0,0,408da140,f,0,1,0,"Active","_","_","Stream Beat","_","_"
839,839,0,66a2b768,f,1,0,0,861b7686,f,1,0,0,408da140,f,0,1,0,"_","_","_","_","_","_"
840,840,0,66a2b768,f,1,0,0,861b7686,f,1,0,0,a1408da1,f,1,1,0,"_","_","Active","_","_","Stream Beat"
841,841,0,66a2b768,f,1,0,0,861b7686,f,1,0,0,8da1408d,f,1,1,1,"_","_","Active","_","_","Last Stream"
842,842,0,66a2b768,f,1,0,0,861b7686,f,1,0,0,8da1408d,f,0,1,0,"_","_","_","_","_","_"
843,843,0,66a2b768,f,1,1,0,861b7686,f,1,0,0,4792a647,f,1,1,0,"Active","_","Active","Stream Beat","_","Stream Beat"
844,844,0,b46d9cb1,f,1,1,0,861b7686,f,1,0,0,4792a647,f,0,1,0,"Active","_","_","Stream Beat","_","_"
845,845,0,a2b271a0,f,1,0,0,861b7686,f,1,0,0,4792a647,f,0,1,0,"_","_","_","_","_","_"
846,846,0,a2b271a0,f,1,0,0,861b7686,f,1,0,0,a64792a6,f,1,1,0,"_","_","Active","_","_","Stream Beat"
847,847,0,a2b271a0,f,1,0,0,861b7686,f,1,0,0,92a64792,f,1,1,1,"_","_","Active","_","_","Last Stream"
848,848,0,a2b271a0,f,1,0,0,861b7686,f,1,0,0,92a64792,f,0,1,0,"_","_","_","_","_","_"
849,849,0,a2b271a0,f,1,0,0,861b7686,f,1,0,0,478fa447,f,1,1,0,"_","_","Active","_","_","Stream Beat"
850,850,0,a2b271a0,f,1,1,0,861b7686,f,1,0,0,478fa447,f,0,1,0,"Active","_","_","Stream Beat","_","_"
851,851,0,76a8b074,f,1,0,0,861b7686,f,1,0,0,478fa447,f,0,1,0,"_","_","_","_","_","_"
852,852,0,76a8b074,f,1,0,0,861b7686,f,1,0,0,a4478fa4,f,1,1,0,"_","_","Active","_","_","Stream Beat"
853,853,0,76a8b074,f,1,0,0,861b7686,f,1,0,0,8fa4478f,f,1,1,1,"_","_","Active","_","_","Last Stream"
854,854,0,76a8b074,f,1,0,0,861b7686,f,1,0,0,8fa4478f,f,0,1,0,"_","_","_","_","_","_"
855,855,0,76a8b074,f,1,1,0,861b7686,f,1,0,0,4d93a84d,f,1,1,0,"Active","_","Active","Stream Beat","_","Stream Beat"
856,856,0,b17babb0,f,1,1,0,861b7686,f,1,0,0,4d93a84d,f,0,1,0,"Active","_","_","Stream Beat","_","_"
857,857,0,adb17eac,f,1,0,0,861b7686,f,1,0,0,4d93a84d,f,0,1,0,"_","_","_","_","_","_"
858,858,0,adb17eac,f,1,0,0,861b7686,f,1,0,0,a84d93a8,f,1,1,0,"_","_","Active","_","_","Stream Beat"
859,859,0,adb17eac,f,1,0,0,861b7686,f,1,0,0,93a84d93,f,1,1,1,"_","_","Active","_","_","Last Stream"
860,860,0,adb17eac,f,1,0,0,861b7686,f,1,0,0,93a84d93,f,0,1,0,"_","_","_","_","_","_"
861,861,0,adb17eac,f,1,0,0,861b7686,f,1,0,0,4b90a44b,f,1,1,0,"_","_","Active","_","_","Stream Beat"
862,862,0,adb17eac,f,1,1,0,861b7686,f,1,0,0,4b90a44b,f,0,1,0,"Active","_","_","Stream Beat","_","_"
863,863,0,80a9b07d,f,1,0,0,861b7686,f,1,0,0,4b90a44b,f,0,1,0,"_","_","_","_","_","_"
864,864,0,80a9b07d,f,1,0,0,861b7686,f,1,0,0,a44b90a4,f,1,1,0,"_","_","Active","_","_","Stream Beat"
865,865,0,80a9b07d,f,1,0,0,861b7686,f,1,0,0,90a44b90,f,1,1,1,"_","_","Active","_","_","Last Stream"
866,866,0,80a9b07d,f,1,0,0,861b7686,f,1,0,0,90a44b90,f,0,1,0,"_","_","_","_","_","_"
867,867,0,80a9b07d,f,1,1,0,861b7686,f,1,0,0,5096ab50,f,1,1,0,"Active","_","Active","Stream Beat","_","Stream Beat"
868,868,0,ae84a8ae,f,1,1,0,861b7686,f,1,0,0,5096ab50,f,0,1,0,"Active","_","_","Stream Beat","_","_"
869,869,0,a7ae85a7,f,1,0,0,861b7686,f,1,0,0,5096ab50,f,0,1,0,"_","_","_","_","_","_"
870,870,0,a7ae85a7,f,1,0,0,861b7686,f,1,0,0,ab5096ab,f,1,1,0,"_","_","Active","_","_","Stream Beat"
871,871,0,a7ae85a7,f,1,0,0,861b7686,f,1,0,0,96ab5096,f,1,1,1,"_","_","Active","_","_","Last Stream"
872,872,0,a7ae85a7,f,1,0,0,861b7686,f,1,0,0,96ab5096,f,0,1,0,"_","_","_","_","_","_"
873,873,0,a7ae85a7,f,1,0,0,861b7686,f,1,0,0,4e94a94e,f,1,1,0,"_","_","Active","_","_","Stream Beat"
874,874,0,a7ae85a7,f,1,1,0,861b7686,f,1,0,0,4e94a94e,f,0,1,0,"Active","_","_","Stream Beat","_","_"
875,875,0,89aab28b,f,1,0,0,861b7686,f,1,0,0,4e94a94e,f,0,1,0,"_","_","_","_","_","_"
876,876,0,89aab28b,f,1,0,0,861b7686,f,1,0,0,a94e94a9,f,1,1,0,"_","_","Active","_","_","Stream Beat"
877,877,0,89aab28b,f,1,0,0,861b7686,f,1,0,0,94a94e94,f,1,1,1,"_","_","Active","_","_","Last Stream"
878,878,0,89aab28b,f,1,0,0,861b7686,f,1,0,0,94a94e94,f,0,1,0,"_","_","_","_","_","_"
879,879,0,89aab28b,f,1,1,0,861b7686,f,1,0,0,5a99af5a,f,1,1,0,"Active","_","Active","Stream Beat","_","Stream Beat"
880,880,0,aa85a8b0,f,1,1,0,861b7686,f,1,0,0,5a99af5a,f,0,1,0,"Active","_","_","Stream Beat","_","_"
881,881,0,9fa984a0,f,1,0,0,861b7686,f,1,0,0,5a99af5a,f,0,1,0,"_","_","_","_","_","_"
882,882,0,9fa984a0,f,1,0,0,861b7686,f,1,0,0,af5a99af,f,1,1,0,"_","_","Active","_","_","Stream Beat"
883,883,0,9fa984a0,f,1,0,0,861b7686,f,1,0,0,99af5a99,f,1,1,1,"_","_","Active","_","_","Last Stream"
884,884,0,9fa984a0,f,1,0,0,861b7686,f,1,0,0,99af5a99,f,0,1,0,"_","_","_","_","_","_"
885,885,0,9fa984a0,f,1,0,0,861b7686,f,1,0,0,669cb166,f,1,1,0,"_","_","Active","_","_","Stream Beat"
886,886,0,9fa984a0,f,1,1,0,861b7686,f,1,0,0,669cb166,f,0,1,0,"Active","_","_","Stream Beat","_","_"
887,887,0,83a1ac84,f,1,0,0,861b7686,f,1,0,0,669cb166,f,0,1,0,"_","_","_","_","_","_"
888,888,0,83a1ac84,f,1,0,0,861b7686,f,1,0,0,b1669cb1,f,1,1,0,"_","_","Active","_","_","Stream Beat"
889,889,0,83a1ac84,f,1,0,0,861b7686,f,1,0,0,9cb1669c,f,1,1,1,"_","_","Active","_","_","Last Stream"
890,890,0,83a1ac84,f,1,0,0,861b7686,f,1,0,0,9cb1669c,f,0,1,0,"_","_","_","_","_","_"
891,891,0,83a1ac84,f,1,1,0,861b7686,f,1,0,0,71a2b271,f,1,1,0,"Active","_","Active","Stream Beat","_","Stream Beat"
892,892,0,aa7fa0ab,f,1,1,0,861b7686,f,1,0,0,71a2b271,f,0,1,0,"Active","_","_","Stream Beat","_","_"
893,893,0,a1ad859d,f,1,0,0,861b7686,f,1,0,0,71a2b271,f,0,1,0,"_","_","_","_","_","_"
894,894,0,a1ad859d,f,1,0,0,861b7686,f,1,0,0,b271a2b2,f,1,1,0,"_","_","Active","_","_","Stream Beat"
895,895,0,a1ad859d,f,1,0,0,861b7686,f,1,0,0,a2b271a2,f,1,1,1,"_","_","Active","_","_","Last Stream"
896,896,0,a1ad859d,f,1,0,0,861b7686,f,1,0,0,a2b271a2,f,0,1,0,"_","_","_","_","_","_"
897,897,0,a1ad859d,f,1,0,0,861b7686,f,1,0,0,76abb076,f,1,1,0,"_","_","Active","_","_","Stream Beat"
898,898,0,a1ad859d,f,1,1,0,861b7686,f,1,0,0,76abb076,f,0,1,0,"Active","_","_","Stream Beat","_","_"
899,899,0,8fa4b38c,f,1,0,0,861b7686,f,1,0,0,76abb076,f,0,1,0,"_","_","_","_","_","_"
900,900,0,8fa4b38c,f,1,0,0,861b7686,f,1,0,0,b076abb0,f,1,1,0,"_","_","Active","_","_","Stream Beat"
901,901,0,8fa4b38c,f,1,0,0,861b7686,f,1,0,0,abb076ab,f,1,1,1,"_","_","Active","_","_","Last Stream"
902,902,0,8fa4b38c,f,1,0,0,861b7686,f,1,0,0,abb076ab,f,0,1,0,"_","_","_","_","_","_"
903,903,0,8fa4b38c,f,1,1,0,861b7686,f,1,0,0,7eadb17e,f,1,1,0,"Active","_","Active","Stream Beat","_","Stream Beat"
904,904,0,b18da5b3,f,1,1,0,861b7686,f,1,0,0,7eadb17e,f,0,1,0,"Active","_","_","Stream Beat","_","_"
905,905,0,a0ae8aa3,f,1,0,0,861b7686,f,1,0,0,7eadb17e,f,0,1,0,"_","_","_","_","_","_"
906,906,0,a0ae8aa3,f,1,0,0,861b7686,f,1,0,0,b17eadb1,f,1,1,0,"_","_","Active","_","_","Stream Beat"
907,907,0,a0ae8aa3,f,1,0,0,861b7686,f,1,0,0,adb17ead,f,1,1,1,"_","_","Active","_","_","Last Stream"
908,908,0,a0ae8aa3,f,1,0,0,861b7686,f,1,0,0,adb17ead,f,0,1,0,"_","_","_","_","_","_"
909,909,0,a0ae8aa3,f,1,0,0,861b7686,f,1,0,0,80a8ae80,f,1,1,0,"_","_","Active","_","_","Stream Beat"
910,910,0,a0ae8aa3,f,1,1,0,861b7686,f,1,0,0,80a8ae80,f,0,1,0,"Active","_","_","Stream Beat","_","_"
911,911,0,8da1b18c,f,1,0,0,861b7686,f,1,0,0,80a8ae80,f,0,1,0,"_","_","_","_","_","_"
912,912,0,8da1b18c,f,1,0,0,861b7686,f,1,0,0,ae80a8ae,f,1,1,0,"_","_","Active","_","_","Stream Beat"
913,913,0,8da1b18c,f,1,0,0,861b7686,f,1,0,0,a8ae80a8,f,1,1,1,"_","_","Active","_","_","Last Stream"
914,914,0,8da1b18c,f,1,0,0,861b7686,f,1,0,0,a8ae80a8,f,0,1,0,"_","_","_","_","_","_"
915,915,0,8da1b18c,f,1,1,0,861b7686,f,1,0,0,85a7ae85,f,1,1,0,"Active","_","Active","Stream Beat","_","Stream Beat"
916,916,0,af87a2b2,f,1,1,0,861b7686,f,1,0,0,85a7ae85,f,0,1,0,"Active","_","_","Stream Beat","_","_"
917,917,0,95a77f9d,f,1,0,0,861b7686,f,1,0,0,85a7ae85,f,0,1,0,"_","_","_","_","_","_"
918,918,0,95a77f9d,f,1,0,0,861b7686,f,1,0,0,ae85a7ae,f,1,1,0,"_","_","Active","_","_","Stream Beat"
919,919,0,95a77f9d,f,1,0,0,861b7686,f,1,0,0,a7ae85a7,f,1,1,1,"_","_","Active","_","_","Last Stream"
920,920,0,95a77f9d,f,1,0,0,861b7686,f,1,0,0,a7ae85a7,f,0,1,0,"_","_","_","_","_","_"
921,921,0,95a77f9d,f,1,0,0,861b7686,f,1,0,0,89a8b089,f,1,1,0,"_","_","Active","_","_","Stream Beat"
922,922,0,95a77f9d,f,1,1,0,861b7686,f,1,0,0,89a8b089,f,0,1,0,"Active","_","_","Stream Beat","_","_"
923,923,0,8094a97e,f,1,0,0,861b7686,f,1,0,0,89a8b089,f,0,1,0,"_","_","_","_","_","_"
924,924,0,8094a97e,f,1,0,0,861b7686,f,1,0,0,b089a8b0,f,1,1,0,"_","_","Active","_","_","Stream Beat"
925,925,0,8094a97e,f,1,0,0,861b7686,f,1,0,0,a8b089a8,f,1,1,1,"_","_","Active","_","_","Last Stream"
926,926,0,8094a97e,f,1,0,0,861b7686,f,1,0,0,a8b089a8,f,0,1,0,"_","_","_","_","_","_"
927,927,0,8094a97e,f,1,1,0,861b7686,f,1,0,0,849fa984,f,1,1,0,"Active","_","Active","Stream Beat","_","Stream Beat"
928,928,0,ab7f96ab,f,1,1,0,861b7686,f,1,0,0,849fa984,f,0,1,0,"Active","_","_","Stream Beat","_","_"
929,929,0,8fa67a94,f,1,0,0,861b7686,f,1,0,0,849fa984,f,0,1,0,"_","_","_","_","_","_"
930,930,0,8fa67a94,f,1,0,0,861b7686,f,1,0,0,a9849fa9,f,1,1,0,"_","_","Active","_","_","Stream Beat"
931,931,0,8fa67a94,f,1,0,0,861b7686,f,1,0,0,9fa9849f,f,1,1,1,"_","_","Active","_","_","Last Stream"
932,932,0,8fa67a94,f,1,0,0,861b7686,f,1,0,0,9fa9849f,f,0,1,0,"_","_","_","_","_","_"
933,933,0,8fa67a94,f,1,0,0,861b7686,f,1,0,0,83a0ab83,f,1,1,0,"_","_","Active","_","_","Stream Beat"
934,934,0,8fa67a94,f,1,1,0,861b7686,f,1,0,0,83a0ab83,f,0,1,0,"Active","_","_","Stream Beat","_","_"
935,935,0,748aa475,f,1,0,0,861b7686,f,1,0,0,83a0ab83,f,0,1,0,"_","_","_","_","_","_"
936,936,0,748aa475,f,1,0,0,861b7686,f,1,0,0,ab83a0ab,f,1,1,0,"_","_","Active","_","_","Stream Beat"
937,937,0,748aa475,f,1,0,0,861b7686,f,1,0,0,a0ab83a0,f,1,1,1,"_","_","Active","_","_","Last Stream"
938,938,0,748aa475,f,1,0,0,861b7686,f,1,0,0,a0ab83a0,f,0,1,0,"_","_","_","_","_","_"
939,939,0,748aa475,f,1,1,0,861b7686,f,1,0,0,85a1ad85,f,1,1,0,"Active","_","Active","Stream Beat","_","Stream Beat"
940,940,0,a37389a3,f,1,1,0,861b7686,f,1,0,0,85a1ad85,f,0,1,0,"Active","_","_","Stream Beat","_","_"
941,941,0,85a17187,f,1,0,0,861b7686,f,1,0,0,85a1ad85,f,0,1,0,"_","_","_","_","_","_"
942,942,0,85a17187,f,1,0,0,861b7686,f,1,0,0,ad85a1ad,f,1,1,0,"_","_","Active","_","_","Stream Beat"
943,943,0,85a17187,f,1,0,0,861b7686,f,1,0,0,a1ad85a1,f,1,1,1,"_","_","Active","_","_","Last Stream"
944,944,0,85a17187,f,1,0,0,861b7686,f,1,0,0,a1ad85a1,f,0,1,0,"_","_","_","_","_","_"
945,945,0,85a17187,f,1,0,0,861b7686,f,1,0,0,8fa5b38f,f,1,1,0,"_","_","Active","_","_","Stream Beat"
946,946,0,85a17187,f,1,1,0,861b7686,f,1,0,0,8fa5b38f,f,0,1,0,"Active","_","_","Stream Beat","_","_"
947,947,0,7186a272,f,1,0,0,861b7686,f,1,0,0,8fa5b38f,f,0,1,0,"_","_","_","_","_","_"
948,948,0,7186a272,f,1,0,0,861b7686,f,1,0,0,b38fa5b3,f,1,1,0,"_","_","Active","_","_","Stream Beat"
949,949,0,7186a272,f,1,0,0,861b7686,f,1,0,0,a5b38fa5,f,1,1,1,"_","_","Active","_","_","Last Stream"
950,950,0,7186a272,f,1,0,0,861b7686,f,1,0,0,a5b38fa5,f,0,1,0,"_","_","_","_","_","_"
951,951,0,7186a272,f,1,1,0,861b7686,f,1,0,0,8aa0ae8a,f,1,1,0,"Active","_","Active","Stream Beat","_","Stream Beat"
952,952,0,9f6f85a1,f,1,1,0,861b7686,f,1,0,0,8aa0ae8a,f,0,1,0,"Active","_","_","Stream Beat","_","_"
953,953,0,819d6d83,f,1,0,0,861b7686,f,1,0,0,8aa0ae8a,f,0,1,0,"_","_","_","_","_","_"
954,954,0,819d6d83,f,1,0,0,861b7686,f,1,0,0,ae8aa0ae,f,1,1,0,"_","_","Active","_","_","Stream Beat"
955,955,0,819d6d83,f,1,0,0,861b7686,f,1,0,0,a0ae8aa0,f,1,1,1,"_","_","Active","_","_","Last Stream"
956,956,0,819d6d83,f,1,0,0,861b7686,f,1,0,0,a0ae8aa0,f,0,1,0,"_","_","_","_","_","_"
957,957,0,819d6d83,f,1,0,0,861b7686,f,1,0,0,8da2b28d,f,1,1,0,"_","_","Active","_","_","Stream Beat"
958,958,0,819d6d83,f,1,1,0,861b7686,f,1,0,0,8da2b28d,f,0,1,0,"Active","_","_","Stream Beat","_","_"
959,959,0,687f9b6a,f,1,0,0,861b7686,f,1,0,0,8da2b28d,f,0,1,0,"_","_","_","_","_","_"
960,960,0,687f9b6a,f,1,0,0,861b7686,f,1,0,0,b28da2b2,f,1,1,0,"_","_","Active","_","_","Stream Beat"
961,961,0,687f9b6a,f,1,0,0,861b7686,f,1,0,0,a2b28da2,f,1,1,1,"_","_","Active","_","_","Last Stream"
962,962,0,687f9b6a,f,1,0,0,861b7686,f,1,0,0,a2b28da2,f,0,1,0,"_","_","_","_","_","_"
963,963,0,687f9b6a,f,1,1,0,861b7686,f,1,0,0,7f95a77f,f,1,1,0,"Active","_","Active","Stream Beat","_","Stream Beat"
964,964,0,97647d99,f,1,1,0,861b7686,f,1,0,0,7f95a77f,f,0,1,0,"Active","_","_","Stream Beat","_","_"
965,965,0,7a96637b,f,1,0,0,861b7686,f,1,0,0,7f95a77f,f,0,1,0,"_","_","_","_","_","_"
966,966,0,7a96637b,f,1,0,0,861b7686,f,1,0,0,a77f95a7,f,1,1,0,"_","_","Active","_","_","Stream Beat"
967,967,0,7a96637b,f,1,0,0,861b7686,f,1,0,0,95a77f95,f,1,1,1,"_","_","Active","_","_","Last Stream"
968,968,0,7a96637b,f,1,0,0,861b7686,f,1,0,0,95a77f95,f,0,1,0,"_","_","_","_","_","_"
969,969,0,7a96637b,f,1,0,0,861b7686,f,1,0,0,8096ab80,f,1,1,0,"_","_","Active","_","_","Stream Beat"
970,970,0,7a96637b,f,1,1,0,861b7686,f,1,0,0,8096ab80,f,0,1,0,"Active","_","_","Stream Beat","_","_"
971,971,0,5c78955f,f,1,0,0,861b7686,f,1,0,0,8096ab80,f,0,1,0,"_","_","_","_","_","_"
972,972,0,5c78955f,f,1,0,0,861b7686,f,1,0,0,ab8096ab,f,1,1,0,"_","_","Active","_","_","Stream Beat"
973,973,0,5c78955f,f,1,0,0,861b7686,f,1,0,0,96ab8096,f,1,1,1,"_","_","Active","_","_","Last Stream"
974,974,0,5c78955f,f,1,0,0,861b7686,f,1,0,0,96ab8096,f,0,1,0,"_","_","_","_","_","_"
975,975,0,5c78955f,f,1,1,0,861b7686,f,1,0,0,7a8fa67a,f,1,1,0,"Active","_","Active","Stream Beat","_","Stream Beat"
976,976,0,945c7592,f,1,1,0,861b7686,f,1,0,0,7a8fa67a,f,0,1,0,"Active","_","_","Stream Beat","_","_"
977,977,0,7a975f77,f,1,0,0,861b7686,f,1,0,0,7a8fa67a,f,0,1,0,"_","_","_","_","_","_"
978,978,0,7a975f77,f,1,0,0,861b7686,f,1,0,0,a67a8fa6,f,1,1,0,"_","_","Active","_","_","Stream Beat"
979,979,0,7a975f77,f,1,0,0,861b7686,f,1,0,0,8fa67a8f,f,1,1,1,"_","_","Active","_","_","Last Stream"
980,980,0,7a975f77,f,1,0,0,861b7686,f,1,0,0,8fa67a8f,f,0,1,0,"_","_","_","_","_","_"
981,981,0,7a975f77,f,1,0,0,861b7686,f,1,0,0,7489a374,f,1,1,0,"_","_","Active","_","_","Stream Beat"
982,982,0,7a975f77,f,1,1,0,861b7686,f,1,0,0,7489a374,f,0,1,0,"Active","_","_","Stream Beat","_","_"
983,983,0,54759258,f,1,0,0,861b7686,f,1,0,0,7489a374,f,0,1,0,"_","_","_","_","_","_"
984,984,0,54759258,f,1,0,0,861b7686,f,1,0,0,a37489a3,f,1,1,0,"_","_","Active","_","_","Stream Beat"
985,985,0,54759258,f,1,0,0,861b7686,f,1,0,0,89a37489,f,1,1,1,"_","_","Active","_","_","Last Stream"
986,986,0,54759258,f,1,0,0,861b7686,f,1,0,0,89a37489,f,0,1,0,"_","_","_","_","_","_"
987,987,0,54759258,f,1,1,0,861b7686,f,1,0,0,7185a171,f,1,1,0,"Active","_","Active","Stream Beat","_","Stream Beat"
988,988,0,8f55718e,f,1,1,0,861b7686,f,1,0,0,7185a171,f,0,1,0,"Active","_","_","Stream Beat","_","_"
989,989,0,6f905772,f,1,0,0,861b7686,f,1,0,0,7185a171,f,0,1,0,"_","_","_","_","_","_"
990,990,0,6f905772,f,1,0,0,861b7686,f,1,0,0,a17185a1,f,1,1,0,"_","_","Active","_","_","Stream Beat"
991,991,0,6f905772,f,1,0,0,861b7686,f,1,0,0,85a17185,f,1,1,1,"_","_","Active","_","_","Last Stream"
992,992,0,6f905772,f,1,0,0,861b7686,f,1,0,0,85a17185,f,0,1,0,"_","_","_","_","_","_"
993,993,0,6f905772,f,1,0,0,861b7686,f,1,0,0,7185a171,f,1,1,0,"_","_","Active","_","_","Stream Beat"
994,994,0,6f905772,f,1,1,0,861b7686,f,1,0,0,7185a171,f,0,1,0,"Active","_","_","Stream Beat","_","_"
995,995,0,5d6c9259,f,1,0,0,861b7686,f,1,0,0,7185a171,f,0,1,0,"_","_","_","_","_","_"
996,996,0,5d6c9259,f,1,0,0,861b7686,f,1,0,0,a17185a1,f,1,1,0,"_","_","Active","_","_","Stream Beat"
997,997,0,5d6c9259,f,1,0,0,861b7686,f,1,0,0,85a17185,f,1,1,1,"_","_","Active","_","_","Last Stream"
998,998,0,5d6c9259,f,1,0,0,861b7686,f,1,0,0,85a17185,f,0,1,0,"_","_","_","_","_","_"
999,999,0,5d6c9259,f,1,1,0,861b7686,f,1,0,0,6d819d6d,f,1,1,0,"Active","_","Active","Stream Beat","_","Stream Beat"
1000,1000,0,975d6c95,f,1,1,0,861b7686,f,1,0,0,6d819d6d,f,0,1,0,"Active","_","_","Stream Beat","_","_"
1001,1001,0,6e975b6e,f,1,0,0,861b7686,f,1,0,0,6d819d6d,f,0,1,0,"_","_","_","_","_","_"
1002,1002,0,6e975b6e,f,1,0,0,861b7686,f,1,0,0,9d6d819d,f,1,1,0,"_","_","Active","_","_","Stream Beat"
1003,1003,0,6e975b6e,f,1,0,0,861b7686,f,1,0,0,819d6d81,f,1,1,1,"_","_","Active","_","_","Last Stream"
1004,1004,0,6e975b6e,f,1,0,0,861b7686,f,1,0,0,819d6d81,f,0,1,0,"_","_","_","_","_","_"
1005,1005,0,6e975b6e,f,1,0,0,861b7686,f,1,0,0,687d9968,f,1,1,0,"_","_","Active","_","_","Stream Beat"
1006,1006,0,6e975b6e,f,1,1,0,861b7686,f,1,0,0,687d9968,f,0,1,0,"Active","_","_","Stream Beat","_","_"
1007,1007,0,566e975b,f,1,0,0,861b7686,f,1,0,0,687d9968,f,0,1,0,"_","_","_","_","_","_"
1008,1008,0,566e975b,f,1,0,0,861b7686,f,1,0,0,99687d99,f,1,1,0,"_","_","Active","_","_","Stream Beat"
1009,1009,0,566e975b,f,1,0,0,861b7686,f,1,0,0,7d99687d,f,1,1,1,"_","_","Active","_","_","Last Stream"
1010,1010,0,566e975b,f,1,0,0,861b7686,f,1,0,0,7d99687d,f,0,1,0,"_","_","_","_","_","_"
1011,1011,0,566e975b,f,1,1,0,861b7686,f,1,0,0,637a9663,f,1,1,0,"Active","_","Active","Stream Beat","_","Stream Beat"
1012,1012,0,95546c96,f,1,1,0,861b7686,f,1,0,0,637a9663,f,0,1,0,"Active","_","_","Stream Beat","_","_"
1013,1013,0,66934e68,f,1,0,0,861b7686,f,1,0,0,637a9663,f,0,1,0,"_","_","_","_","_","_"
1014,1014,0,66934e68,f,1,0,0,861b7686,f,1,0,0,96637a96,f,1,1,0,"_","_","Active","_","_","Stream Beat"
1015,1015,0,66934e68,f,1,0,0,861b7686,f,1,0,0,7a96637a,f,1,1,1,"_","_","Active","_","_","Last Stream"
1016,1016,0,66934e68,f,1,0,0,861b7686,f,1,0,0,7a96637a,f,0,1,0,"_","_","_","_","_","_"
1017,1017,0,66934e68,f,1,0,0,861b7686,f,1,0,0,5c75925c,f,1,1,0,"_","_","Active","_","_","Stream Beat"
1018,1018,0,66934e68,f,1,1,0,861b7686,f,1,0,0,5c75925c,f,0,1,0,"Active","_","_","Stream Beat","_","_"
1019,1019,0,4865924d,f,1,0,0,861b7686,f,1,0,0,5c75925c,f,0,1,0,"_","_","_","_","_","_"
1020,1020,0,4865924d,f,1,0,0,861b7686,f,1,0,0,925c7592,f,1,1,0,"_","_","Active","_","_","Stream Beat"
1021,1021,0,4865924d,f,1,0,0,861b7686,f,1,0,0,75925c75,f,1,1,1,"_","_","Active","_","_","Last Stream"
1022,1022,0,4865924d,f,1,0,0,861b7686,f,1,0,0,75925c75,f,0,1,0,"_","_","_","_","_","_"
1023,1023,0,4865924d,f,1,1,0,861b7686,f,1,0,0,5f7a975f,f,1,1,0,"Active","_","Active","Stream Beat","_","Stream Beat"
